TID;Time;Value;FromParticipantId;FromAccountId;ToParticipantId;ToAccountId;Linkcode;Starttime
1916;2024-01-01 04:17:31;452853614.63;18;9;20;9;1611;2024-01-01 19:04:55
5003;2024-01-01 10:34:53;452853614.63;20;0;18;0;1611;2024-01-01 19:04:55
7332;2024-01-01 15:24:43;439930440.53;47;6;20;6;2758;2024-01-01 19:04:55
9173;2024-01-01 18:41:34;439930440.53;20;0;47;0;2758;2024-01-01 19:04:55
8245;2024-01-01 17:25:01;354936023.28;20;0;15;0;4293;2024-01-01 19:04:55
8848;2024-01-01 18:14:58;354936023.28;15;6;20;6;4293;2024-01-01 19:04:55
4047;2024-01-01 08:29:18;526142719.85;36;5;20;5;3919;2024-01-01 19:04:55
9258;2024-01-01 18:48:39;526142719.85;20;0;36;0;3919;2024-01-01 19:04:55
1132;2024-01-01 02:54:22;440172651.67;1;5;20;5;277;2024-01-01 19:04:55
9376;2024-01-01 18:59:00;440172651.67;20;0;1;0;277;2024-01-01 19:04:55
8554;2024-01-01 17:52:10;485145970.52;20;0;48;0;4595;2024-01-01 19:04:55
9372;2024-01-01 18:58:13;485145970.52;48;5;20;5;4595;2024-01-01 19:04:55
971;2024-01-01 02:41:25;514924512.75;20;0;26;0;184;2024-01-01 19:04:55
9414;2024-01-01 19:02:39;514924512.75;26;8;20;8;184;2024-01-01 19:04:55
3131;2024-01-01 06:38:53;56667640.72;18;0;26;0;383;2024-01-01 19:09:43
7762;2024-01-01 16:20:54;56667640.72;26;1;18;1;383;2024-01-01 19:09:43
30;2024-01-01 00:27:53;53970537.9;18;3;48;3;86;2024-01-01 19:12:24
9528;2024-01-01 19:12:20;53970537.9;48;0;18;0;86;2024-01-01 19:12:24
6131;2024-01-01 12:54:18;462556150.63;35;0;48;0;1179;2024-01-01 19:13:43
7625;2024-01-01 16:02:03;462556150.63;48;1;35;1;1179;2024-01-01 19:13:43
5877;2024-01-01 12:22:27;562479984.1;20;5;35;5;3346;2024-01-01 19:13:43
7105;2024-01-01 14:58:53;562479984.1;35;0;20;0;3346;2024-01-01 19:13:43
770;2024-01-01 02:24:04;462581672.54;35;0;8;0;4752;2024-01-01 19:13:43
6886;2024-01-01 14:29:36;462581672.54;8;10;35;10;4752;2024-01-01 19:13:43
1617;2024-01-01 03:39:07;477110861.92;35;0;24;0;3522;2024-01-01 19:13:43
5553;2024-01-01 11:45:01;477110861.92;24;3;35;3;3522;2024-01-01 19:13:43
6013;2024-01-01 12:40:08;516264434.14;31;8;35;8;2976;2024-01-01 19:13:43
8074;2024-01-01 17:02:45;516264434.14;35;0;31;0;2976;2024-01-01 19:13:43
7501;2024-01-01 15:46:52;604037887.1;36;1;35;1;2962;2024-01-01 19:13:43
8741;2024-01-01 18:07:34;604037887.1;35;0;36;0;2962;2024-01-01 19:13:43
7046;2024-01-01 14:50:47;604976136.76;10;2;35;2;4346;2024-01-01 19:13:43
8786;2024-01-01 18:10:41;604976136.76;35;0;10;0;4346;2024-01-01 19:13:43
1419;2024-01-01 03:19:59;546525209.91;28;8;35;8;1893;2024-01-01 19:13:43
8198;2024-01-01 17:20:23;546525209.91;35;0;28;0;1893;2024-01-01 19:13:43
4374;2024-01-01 09:14:27;432613067.96;35;0;20;0;1756;2024-01-01 19:13:43
7204;2024-01-01 15:09:31;432613067.96;20;2;35;2;1756;2024-01-01 19:13:43
2649;2024-01-01 05:45:27;333731921.02;25;5;35;5;1776;2024-01-01 19:13:43
8483;2024-01-01 17:45:03;333731921.02;35;0;25;0;1776;2024-01-01 19:13:43
2828;2024-01-01 06:04:42;538984303.01;35;0;46;0;1954;2024-01-01 19:13:43
8203;2024-01-01 17:20:45;538984303.01;46;1;35;1;1954;2024-01-01 19:13:43
4005;2024-01-01 08:23:36;452355190.57;49;8;35;8;4918;2024-01-01 19:13:43
5673;2024-01-01 11:56:57;452355190.57;35;0;49;0;4918;2024-01-01 19:13:43
7682;2024-01-01 16:10:32;616319716.5;35;0;2;0;1195;2024-01-01 19:13:43
7787;2024-01-01 16:24:02;616319716.5;2;7;35;7;1195;2024-01-01 19:13:43
3899;2024-01-01 08:11:18;591128698.32;35;0;33;0;1815;2024-01-01 19:13:43
6454;2024-01-01 13:34:39;591128698.32;33;3;35;3;1815;2024-01-01 19:13:43
5888;2024-01-01 12:23:50;476003359.18;35;0;12;0;1913;2024-01-01 19:13:43
9159;2024-01-01 18:40:15;476003359.18;12;3;35;3;1913;2024-01-01 19:13:43
1532;2024-01-01 03:28:57;645003229.57;8;9;35;9;3670;2024-01-01 19:13:43
9394;2024-01-01 19:00:45;645003229.57;35;0;8;0;3670;2024-01-01 19:13:43
2820;2024-01-01 06:03:44;628235638.97;3;8;35;8;4364;2024-01-01 19:13:43
9015;2024-01-01 18:28:28;628235638.97;35;0;3;0;4364;2024-01-01 19:13:43
3262;2024-01-01 06:55:59;284876590.69;7;3;35;3;4274;2024-01-01 19:13:43
9498;2024-01-01 19:09:40;284876590.69;35;0;7;0;4274;2024-01-01 19:13:43
6636;2024-01-01 13:56:58;476492877.89;31;4;35;4;1808;2024-01-01 19:13:43
7960;2024-01-01 16:47:03;476492877.89;35;0;31;0;1808;2024-01-01 19:13:43
7094;2024-01-01 14:57:06;429824482.66;35;0;14;0;1827;2024-01-01 19:13:43
9511;2024-01-01 19:10:34;429824482.66;14;6;35;6;1827;2024-01-01 19:13:43
1395;2024-01-01 03:17:07;571417798.88;35;0;29;0;630;2024-01-01 19:13:43
5852;2024-01-01 12:19:12;571417798.88;29;10;35;10;630;2024-01-01 19:13:43
1444;2024-01-01 03:21:25;530481041.38;26;5;35;5;2234;2024-01-01 19:13:43
9541;2024-01-01 19:13:32;530481041.38;35;0;26;0;2234;2024-01-01 19:13:43
2157;2024-01-01 04:45:55;606009923.41;35;0;19;0;1040;2024-01-01 19:16:09
5754;2024-01-01 12:06:06;606009923.41;19;7;35;7;1040;2024-01-01 19:16:09
481;2024-01-01 02:00:22;421594493.29;32;0;26;0;2549;2024-01-01 19:16:51
6608;2024-01-01 13:53:46;421594493.29;26;1;32;1;2549;2024-01-01 19:16:51
4273;2024-01-01 09:00:37;369590665.14;32;0;25;0;2283;2024-01-01 19:16:51
9363;2024-01-01 18:57:42;369590665.14;25;4;32;4;2283;2024-01-01 19:16:51
1411;2024-01-01 03:18:57;317494353.12;46;4;32;4;39;2024-01-01 19:16:51
9412;2024-01-01 19:01:55;317494353.12;32;0;46;0;39;2024-01-01 19:16:51
6937;2024-01-01 14:36:11;421176414.99;47;2;32;2;2515;2024-01-01 19:16:51
8967;2024-01-01 18:24:35;421176414.99;32;0;47;0;2515;2024-01-01 19:16:51
154;2024-01-01 01:35:24;140071008.84;32;0;34;0;459;2024-01-01 19:16:51
9562;2024-01-01 19:15:25;140071008.84;34;8;32;8;459;2024-01-01 19:16:51
8171;2024-01-01 17:15:37;158863038.14;32;0;4;0;3462;2024-01-01 19:16:51
9564;2024-01-01 19:15:40;158863038.14;4;7;32;7;3462;2024-01-01 19:16:51
8154;2024-01-01 17:12:43;261451459.6;1;4;32;4;620;2024-01-01 19:16:51
9568;2024-01-01 19:16:00;261451459.6;32;0;1;0;620;2024-01-01 19:16:51
5409;2024-01-01 11:26:10;293091461.23;48;0;18;0;1139;2024-01-01 19:19:34
5838;2024-01-01 12:17:06;293091461.23;18;7;48;7;1139;2024-01-01 19:19:34
6494;2024-01-01 13:39:41;130288979.24;33;0;14;0;4438;2024-01-01 19:19:56
8326;2024-01-01 17:33:30;130288979.24;14;8;33;8;4438;2024-01-01 19:19:56
4332;2024-01-01 09:09:16;467237936.71;24;1;49;1;4488;2024-01-01 19:20:06
8104;2024-01-01 17:07:26;467237936.71;49;0;24;0;4488;2024-01-01 19:20:06
7895;2024-01-01 16:37:52;523865959.69;49;0;11;0;2203;2024-01-01 19:20:06
8028;2024-01-01 16:56:05;523865959.69;11;8;49;8;2203;2024-01-01 19:20:06
3336;2024-01-01 07:06:00;486357779.4;49;0;48;0;47;2024-01-01 19:20:06
7723;2024-01-01 16:16:46;486357779.4;48;7;49;7;47;2024-01-01 19:20:06
4758;2024-01-01 10:08:16;427389944.73;49;0;33;0;714;2024-01-01 19:20:06
8420;2024-01-01 17:40:36;427389944.73;33;7;49;7;714;2024-01-01 19:20:06
831;2024-01-01 02:29:51;427421743.62;50;9;49;9;4220;2024-01-01 19:20:06
8924;2024-01-01 18:21:04;427421743.62;49;0;50;0;4220;2024-01-01 19:20:06
138;2024-01-01 01:34:01;352482301.53;49;0;24;0;1881;2024-01-01 19:20:06
9035;2024-01-01 18:30:03;352482301.53;24;4;49;4;1881;2024-01-01 19:20:06
2284;2024-01-01 05:02:54;405397051.58;49;0;5;0;879;2024-01-01 19:20:06
9056;2024-01-01 18:32:12;405397051.58;5;2;49;2;879;2024-01-01 19:20:06
8602;2024-01-01 17:55:53;322938113.75;49;0;35;0;3010;2024-01-01 19:20:06
9084;2024-01-01 18:34:51;322938113.75;35;9;49;9;3010;2024-01-01 19:20:06
3907;2024-01-01 08:12:27;531161091.78;49;0;28;0;4527;2024-01-01 19:20:06
8370;2024-01-01 17:37:19;531161091.78;28;4;49;4;4527;2024-01-01 19:20:06
231;2024-01-01 01:40:48;452990933.04;17;1;49;1;2805;2024-01-01 19:20:06
8526;2024-01-01 17:49:51;452990933.04;49;0;17;0;2805;2024-01-01 19:20:06
8086;2024-01-01 17:04:51;345731733.32;49;0;5;0;823;2024-01-01 19:20:06
9310;2024-01-01 18:53:38;345731733.32;5;3;49;3;823;2024-01-01 19:20:06
4880;2024-01-01 10:22:01;530157389.38;49;0;8;0;3666;2024-01-01 19:20:06
8909;2024-01-01 18:20:12;530157389.38;8;3;49;3;3666;2024-01-01 19:20:06
192;2024-01-01 01:38:13;508223295.78;8;3;49;3;1829;2024-01-01 19:20:06
9126;2024-01-01 18:37:59;508223295.78;49;0;8;0;1829;2024-01-01 19:20:06
5116;2024-01-01 10:50:44;264718613.97;39;8;49;8;3901;2024-01-01 19:20:06
9482;2024-01-01 19:08:28;264718613.97;49;0;39;0;3901;2024-01-01 19:20:06
3120;2024-01-01 06:38:13;516079095.3;49;0;21;0;2645;2024-01-01 19:20:06
9168;2024-01-01 18:41:11;516079095.3;21;3;49;3;2645;2024-01-01 19:20:06
3696;2024-01-01 07:47:18;344984183.13;35;0;39;0;2288;2024-01-01 19:20:06
8956;2024-01-01 18:23:54;344984183.13;39;4;35;4;2288;2024-01-01 19:20:06
9143;2024-01-01 18:39:01;300335253.83;35;0;5;0;2213;2024-01-01 19:20:13
9606;2024-01-01 19:20:09;300335253.83;5;3;35;3;2213;2024-01-01 19:20:13
5484;2024-01-01 11:35:46;231637127.5;49;0;42;0;2552;2024-01-01 19:20:32
5929;2024-01-01 12:29:59;231637127.5;42;9;49;9;2552;2024-01-01 19:20:32
6410;2024-01-01 13:28:27;441307523.17;50;0;23;0;1753;2024-01-01 19:20:49
8770;2024-01-01 18:09:16;441307523.17;23;3;50;3;1753;2024-01-01 19:20:49
325;2024-01-01 01:47:18;387978733.15;42;6;50;6;1503;2024-01-01 19:20:49
7916;2024-01-01 16:40:56;387978733.15;50;0;42;0;1503;2024-01-01 19:20:49
3154;2024-01-01 06:42:06;509893783.79;50;0;26;0;2783;2024-01-01 19:20:49
6786;2024-01-01 14:18:17;509893783.79;26;1;50;1;2783;2024-01-01 19:20:49
7413;2024-01-01 15:35:33;404876213.73;50;0;37;0;1781;2024-01-01 19:20:49
8707;2024-01-01 18:04:22;404876213.73;37;8;50;8;1781;2024-01-01 19:20:49
4307;2024-01-01 09:05:53;416815618.56;8;9;50;9;4352;2024-01-01 19:20:49
8679;2024-01-01 18:02:22;416815618.56;50;0;8;0;4352;2024-01-01 19:20:49
5018;2024-01-01 10:36:06;323724806.08;29;8;50;8;1029;2024-01-01 19:20:49
9188;2024-01-01 18:42:41;323724806.08;50;0;29;0;1029;2024-01-01 19:20:49
2576;2024-01-01 05:35:59;476051010.93;4;9;50;9;521;2024-01-01 19:20:49
9265;2024-01-01 18:49:12;476051010.93;50;0;4;0;521;2024-01-01 19:20:49
1233;2024-01-01 03:03:21;307651898.59;50;0;30;0;2323;2024-01-01 19:20:49
9451;2024-01-01 19:05:40;307651898.59;30;7;50;7;2323;2024-01-01 19:20:49
4580;2024-01-01 09:43:16;445945276.39;30;2;50;2;2260;2024-01-01 19:20:49
9502;2024-01-01 19:09:53;445945276.39;50;0;30;0;2260;2024-01-01 19:20:49
7050;2024-01-01 14:51:58;404695669.71;26;4;50;4;254;2024-01-01 19:20:49
9540;2024-01-01 19:13:28;404695669.71;50;0;26;0;254;2024-01-01 19:20:49
7119;2024-01-01 15:00:32;408058425.29;50;0;20;0;1544;2024-01-01 19:20:49
9605;2024-01-01 19:20:07;408058425.29;20;8;50;8;1544;2024-01-01 19:20:49
3581;2024-01-01 07:33:40;284529362.31;25;0;28;0;8;2024-01-01 19:22:28
9417;2024-01-01 19:02:40;284529362.31;28;6;25;6;8;2024-01-01 19:22:28
1024;2024-01-01 02:45:18;295672084.72;41;8;25;8;224;2024-01-01 19:22:28
9426;2024-01-01 19:03:12;295672084.72;25;0;41;0;224;2024-01-01 19:22:28
4119;2024-01-01 08:40:07;189443787.95;25;0;2;0;4360;2024-01-01 19:22:28
9524;2024-01-01 19:12:03;189443787.95;2;3;25;3;4360;2024-01-01 19:22:28
9488;2024-01-01 19:08:58;362053421.98;49;0;8;0;867;2024-01-01 19:22:40
9628;2024-01-01 19:22:36;362053421.98;8;4;49;4;867;2024-01-01 19:22:40
3172;2024-01-01 06:43:51;254684843.86;26;5;48;5;3913;2024-01-01 19:22:44
9630;2024-01-01 19:22:40;254684843.86;48;0;26;0;3913;2024-01-01 19:22:44
9111;2024-01-01 18:36:58;540554313.96;19;9;49;9;2505;2024-01-01 19:23:07
9367;2024-01-01 18:57:55;540554313.96;49;0;19;0;2505;2024-01-01 19:23:07
189;2024-01-01 01:38:10;496076352.53;19;9;50;9;2901;2024-01-01 19:23:07
7700;2024-01-01 16:12:53;496076352.53;50;0;19;0;2901;2024-01-01 19:23:07
5644;2024-01-01 11:54:14;515209299.7;46;0;47;0;2539;2024-01-01 19:23:07
5880;2024-01-01 12:23:05;515209299.7;47;10;46;10;2539;2024-01-01 19:23:07
6292;2024-01-01 13:13:49;466851996.4;46;0;4;0;1429;2024-01-01 19:23:07
8603;2024-01-01 17:55:58;466851996.4;4;9;46;9;1429;2024-01-01 19:23:07
4490;2024-01-01 09:30:50;544056002.91;46;0;23;0;3290;2024-01-01 19:23:07
8103;2024-01-01 17:06:43;544056002.91;23;4;46;4;3290;2024-01-01 19:23:07
2881;2024-01-01 06:10:50;366540677.74;46;0;29;0;1217;2024-01-01 19:23:07
6153;2024-01-01 12:58:14;366540677.74;29;9;46;9;1217;2024-01-01 19:23:07
5622;2024-01-01 11:51:42;337178254.12;25;4;46;4;220;2024-01-01 19:23:07
6904;2024-01-01 14:32:04;337178254.12;46;0;25;0;220;2024-01-01 19:23:07
1479;2024-01-01 03:24:36;421787230.13;46;0;12;0;4347;2024-01-01 19:23:07
6118;2024-01-01 12:52:44;421787230.13;12;10;46;10;4347;2024-01-01 19:23:07
1919;2024-01-01 04:17:56;497223805.22;46;0;17;0;3258;2024-01-01 19:23:07
4453;2024-01-01 09:25:09;497223805.22;17;5;46;5;3258;2024-01-01 19:23:07
4989;2024-01-01 10:33:05;521362521.64;44;2;46;2;81;2024-01-01 19:23:07
6036;2024-01-01 12:42:28;521362521.64;46;0;44;0;81;2024-01-01 19:23:07
8021;2024-01-01 16:55:31;157079294.25;28;1;46;1;2039;2024-01-01 19:23:07
9423;2024-01-01 19:03:05;157079294.25;46;0;28;0;2039;2024-01-01 19:23:07
5263;2024-01-01 11:08:32;502149937.83;30;9;46;9;2690;2024-01-01 19:23:07
9183;2024-01-01 18:42:21;502149937.83;46;0;30;0;2690;2024-01-01 19:23:07
3863;2024-01-01 08:07:00;462689281.15;11;3;46;3;3460;2024-01-01 19:23:07
8734;2024-01-01 18:06:45;462689281.15;46;0;11;0;3460;2024-01-01 19:23:07
7201;2024-01-01 15:09:12;398165677.48;46;0;19;0;3142;2024-01-01 19:23:07
7738;2024-01-01 16:18:07;398165677.48;19;1;46;1;3142;2024-01-01 19:23:07
4817;2024-01-01 10:14:36;509106513.96;46;0;17;0;1153;2024-01-01 19:23:07
6604;2024-01-01 13:53:23;509106513.96;17;2;46;2;1153;2024-01-01 19:23:07
2352;2024-01-01 05:09:30;470196280.67;46;0;17;0;1093;2024-01-01 19:23:07
5216;2024-01-01 11:03:53;470196280.67;17;6;46;6;1093;2024-01-01 19:23:07
7207;2024-01-01 15:09:44;397429807.49;7;5;46;5;1883;2024-01-01 19:23:07
7973;2024-01-01 16:48:34;397429807.49;46;0;7;0;1883;2024-01-01 19:23:07
1514;2024-01-01 03:27:37;216007023.84;48;2;8;2;4757;2024-01-01 19:23:33
9461;2024-01-01 19:06:20;216007023.84;8;0;48;0;4757;2024-01-01 19:23:33
2161;2024-01-01 04:47:02;183135048.62;37;5;8;5;3648;2024-01-01 19:23:33
9473;2024-01-01 19:07:37;183135048.62;8;0;37;0;3648;2024-01-01 19:23:33
2852;2024-01-01 06:07:25;556134095.33;46;0;30;0;2610;2024-01-01 19:23:54
7713;2024-01-01 16:14:57;556134095.33;30;5;46;5;2610;2024-01-01 19:23:54
6117;2024-01-01 12:52:40;77495795.46;35;0;6;0;3446;2024-01-01 19:24:08
9649;2024-01-01 19:24:04;77495795.46;6;10;35;10;3446;2024-01-01 19:24:08
6795;2024-01-01 14:19:14;514863557.71;47;7;50;7;2878;2024-01-01 19:24:14
8666;2024-01-01 18:01:01;514863557.71;50;0;47;0;2878;2024-01-01 19:24:14
7302;2024-01-01 15:21:15;247707137.23;28;0;37;0;1857;2024-01-01 19:24:28
7838;2024-01-01 16:30:14;247707137.23;37;7;28;7;1857;2024-01-01 19:24:28
7091;2024-01-01 14:56:47;67538177.11;39;5;44;5;1838;2024-01-01 19:24:40
8846;2024-01-01 18:14:52;67538177.11;44;0;39;0;1838;2024-01-01 19:24:40
5441;2024-01-01 11:30:51;458584435.14;35;0;11;0;2090;2024-01-01 19:24:54
9657;2024-01-01 19:24:50;458584435.14;11;4;35;4;2090;2024-01-01 19:24:54
2218;2024-01-01 04:54:23;208357694.55;49;0;1;0;4401;2024-01-01 19:25:13
9661;2024-01-01 19:25:09;208357694.55;1;1;49;1;4401;2024-01-01 19:25:13
1601;2024-01-01 03:37:49;362053410.74;5;1;35;1;1002;2024-01-01 19:25:31
9664;2024-01-01 19:25:27;362053410.74;35;0;5;0;1002;2024-01-01 19:25:31
8434;2024-01-01 17:41:17;101864062.92;13;0;10;0;4729;2024-01-01 19:25:31
8839;2024-01-01 18:14:32;101864062.92;10;8;13;8;4729;2024-01-01 19:25:31
2560;2024-01-01 05:33:57;157489213.92;39;0;5;0;108;2024-01-01 19:25:56
8955;2024-01-01 18:23:53;157489213.92;5;3;39;3;108;2024-01-01 19:25:56
3276;2024-01-01 06:58:14;265018637.4;48;0;15;0;2322;2024-01-01 19:25:57
9457;2024-01-01 19:06:04;265018637.4;15;5;48;5;2322;2024-01-01 19:25:57
2561;2024-01-01 05:34:03;427424437.94;49;0;33;0;2303;2024-01-01 19:26:19
8153;2024-01-01 17:12:40;427424437.94;33;5;49;5;2303;2024-01-01 19:26:19
8232;2024-01-01 17:23:48;111404843.99;39;5;37;5;2613;2024-01-01 19:26:19
8732;2024-01-01 18:06:39;111404843.99;37;0;39;0;2613;2024-01-01 19:26:19
5971;2024-01-01 12:35:59;460263873.98;24;6;36;6;2937;2024-01-01 19:26:38
6899;2024-01-01 14:31:09;460263873.98;36;0;24;0;2937;2024-01-01 19:26:38
173;2024-01-01 01:36:50;455993175.01;7;3;36;3;1342;2024-01-01 19:26:38
4109;2024-01-01 08:38:26;455993175.01;36;0;7;0;1342;2024-01-01 19:26:38
1466;2024-01-01 03:23:10;468930457.5;28;1;36;1;4297;2024-01-01 19:26:38
4638;2024-01-01 09:51:14;468930457.5;36;0;28;0;4297;2024-01-01 19:26:38
8192;2024-01-01 17:19:08;447031999.55;47;9;36;9;1462;2024-01-01 19:26:38
8517;2024-01-01 17:48:39;447031999.55;36;0;47;0;1462;2024-01-01 19:26:38
6867;2024-01-01 14:27:35;437868842.25;24;4;36;4;3738;2024-01-01 19:26:38
9245;2024-01-01 18:47:06;437868842.25;36;0;24;0;3738;2024-01-01 19:26:38
1629;2024-01-01 03:40:11;476106012.84;43;1;36;1;4778;2024-01-01 19:26:38
1663;2024-01-01 03:44:34;476106012.84;36;0;43;0;4778;2024-01-01 19:26:38
991;2024-01-01 02:42:54;110193411.6;39;5;36;5;992;2024-01-01 19:26:38
9453;2024-01-01 19:05:53;110193411.6;36;0;39;0;992;2024-01-01 19:26:38
1210;2024-01-01 03:01:29;215536385.88;48;4;36;4;1399;2024-01-01 19:26:38
9108;2024-01-01 18:36:43;215536385.88;36;0;48;0;1399;2024-01-01 19:26:38
6656;2024-01-01 13:58:31;118344213.78;36;0;28;0;3269;2024-01-01 19:26:38
9501;2024-01-01 19:09:46;118344213.78;28;1;36;1;3269;2024-01-01 19:26:38
6543;2024-01-01 13:45:39;343137952.08;36;0;11;0;1136;2024-01-01 19:26:38
9545;2024-01-01 19:13:45;343137952.08;11;10;36;10;1136;2024-01-01 19:26:38
6713;2024-01-01 14:07:39;378147788.33;36;0;28;0;2465;2024-01-01 19:26:38
9552;2024-01-01 19:14:48;378147788.33;28;8;36;8;2465;2024-01-01 19:26:38
2985;2024-01-01 06:23:28;255289473.69;36;0;7;0;1289;2024-01-01 19:26:38
9174;2024-01-01 18:41:36;255289473.69;7;10;36;10;1289;2024-01-01 19:26:38
614;2024-01-01 02:11:54;382755922.22;35;4;36;4;1077;2024-01-01 19:26:38
9640;2024-01-01 19:23:10;382755922.22;36;0;35;0;1077;2024-01-01 19:26:38
5354;2024-01-01 11:18:46;419172289.26;36;0;11;0;1889;2024-01-01 19:26:38
9642;2024-01-01 19:23:35;419172289.26;11;8;36;8;1889;2024-01-01 19:26:38
3255;2024-01-01 06:54:41;394174257.57;36;0;13;0;3201;2024-01-01 19:26:38
8619;2024-01-01 17:56:48;394174257.57;13;8;36;8;3201;2024-01-01 19:26:38
1359;2024-01-01 03:13:38;86067646.37;34;0;42;0;3640;2024-01-01 19:26:47
8351;2024-01-01 17:35:22;86067646.37;42;6;34;6;3640;2024-01-01 19:26:47
6534;2024-01-01 13:45:02;428981431.5;50;0;24;0;3447;2024-01-01 19:26:48
9679;2024-01-01 19:26:44;428981431.5;24;3;50;3;3447;2024-01-01 19:26:48
5347;2024-01-01 11:17:54;276033436.04;28;0;44;0;430;2024-01-01 19:27:06
9682;2024-01-01 19:27:02;276033436.04;44;8;28;8;430;2024-01-01 19:27:06
4044;2024-01-01 08:28:55;125590697.83;15;6;3;6;1595;2024-01-01 19:27:07
9239;2024-01-01 18:46:54;125590697.83;3;0;15;0;1595;2024-01-01 19:27:07
6481;2024-01-01 13:38:23;302633429.66;27;10;48;10;4839;2024-01-01 19:27:07
9537;2024-01-01 19:13:09;302633429.66;48;0;27;0;4839;2024-01-01 19:27:07
1150;2024-01-01 02:56:24;120110540.74;14;8;15;8;4781;2024-01-01 19:27:18
5320;2024-01-01 11:14:59;120110540.74;15;0;14;0;4781;2024-01-01 19:27:18
563;2024-01-01 02:06:39;224163297.91;44;4;15;4;1496;2024-01-01 19:27:18
8363;2024-01-01 17:36:29;224163297.91;15;0;44;0;1496;2024-01-01 19:27:18
796;2024-01-01 02:26:20;245469926.38;1;0;21;0;1410;2024-01-01 19:27:28
8478;2024-01-01 17:44:55;245469926.38;21;3;1;3;1410;2024-01-01 19:27:28
6031;2024-01-01 12:41:56;160693761.57;27;9;46;9;4207;2024-01-01 19:27:30
9686;2024-01-01 19:27:26;160693761.57;46;0;27;0;4207;2024-01-01 19:27:30
5160;2024-01-01 10:56:25;388310094.86;28;0;20;0;3508;2024-01-01 19:27:43
9691;2024-01-01 19:27:39;388310094.86;20;1;28;1;3508;2024-01-01 19:27:43
874;2024-01-01 02:33:20;336406313.94;26;1;38;1;3448;2024-01-01 19:27:45
7744;2024-01-01 16:18:36;336406313.94;38;0;26;0;3448;2024-01-01 19:27:45
5726;2024-01-01 12:02:58;256474928.75;38;0;5;0;1870;2024-01-01 19:27:45
8648;2024-01-01 17:59:03;256474928.75;5;3;38;3;1870;2024-01-01 19:27:45
2320;2024-01-01 05:06:00;233842922.28;38;0;39;0;824;2024-01-01 19:27:45
9178;2024-01-01 18:41:52;233842922.28;39;5;38;5;824;2024-01-01 19:27:45
9670;2024-01-01 19:25:57;132289434.82;24;3;32;3;3743;2024-01-01 19:27:54
9693;2024-01-01 19:27:50;132289434.82;32;0;24;0;3743;2024-01-01 19:27:54
5155;2024-01-01 10:56:05;502702904.02;50;0;21;0;3582;2024-01-01 19:28:05
8874;2024-01-01 18:16:25;502702904.02;21;4;50;4;3582;2024-01-01 19:28:05
8323;2024-01-01 17:33:12;400210998.95;50;0;11;0;291;2024-01-01 19:28:12
9229;2024-01-01 18:46:04;400210998.95;11;7;50;7;291;2024-01-01 19:28:12
1648;2024-01-01 03:41:59;454472701.73;49;0;3;0;4186;2024-01-01 19:28:22
8158;2024-01-01 17:13:34;454472701.73;3;3;49;3;4186;2024-01-01 19:28:22
5986;2024-01-01 12:37:52;164883083.17;26;1;47;1;464;2024-01-01 19:28:25
7530;2024-01-01 15:49:26;164883083.17;47;0;26;0;464;2024-01-01 19:28:25
944;2024-01-01 02:39:31;556648606.57;44;10;41;10;4106;2024-01-01 19:28:28
8137;2024-01-01 17:11:19;556648606.57;41;0;44;0;4106;2024-01-01 19:28:28
6380;2024-01-01 13:23:56;707668978.26;41;0;4;0;3105;2024-01-01 19:28:28
8339;2024-01-01 17:34:30;707668978.26;4;3;41;3;3105;2024-01-01 19:28:28
2022;2024-01-01 04:29:23;635733244.19;10;2;41;2;4692;2024-01-01 19:28:28
8348;2024-01-01 17:35:06;635733244.19;41;0;10;0;4692;2024-01-01 19:28:28
3555;2024-01-01 07:29:51;489803825.3;41;0;9;0;1160;2024-01-01 19:28:28
8682;2024-01-01 18:02:40;489803825.3;9;1;41;1;1160;2024-01-01 19:28:28
6209;2024-01-01 13:04:46;489496274.8;41;0;48;0;1350;2024-01-01 19:28:28
8019;2024-01-01 16:55:03;489496274.8;48;8;41;8;1350;2024-01-01 19:28:28
364;2024-01-01 01:50:40;167694342.5;41;0;14;0;4602;2024-01-01 19:28:28
7155;2024-01-01 15:04:04;167694342.5;14;8;41;8;4602;2024-01-01 19:28:28
2182;2024-01-01 04:50:00;452164219.8;29;5;41;5;4977;2024-01-01 19:28:28
8371;2024-01-01 17:37:20;452164219.8;41;0;29;0;4977;2024-01-01 19:28:28
5045;2024-01-01 10:39:55;709277691.69;41;0;43;0;663;2024-01-01 19:28:28
8185;2024-01-01 17:17:55;709277691.69;43;2;41;2;663;2024-01-01 19:28:28
1102;2024-01-01 02:51:33;488754573.45;9;7;41;7;629;2024-01-01 19:28:28
8758;2024-01-01 18:08:23;488754573.45;41;0;9;0;629;2024-01-01 19:28:28
4998;2024-01-01 10:34:14;626895631.43;41;0;32;0;1957;2024-01-01 19:28:28
9237;2024-01-01 18:46:38;626895631.43;32;10;41;10;1957;2024-01-01 19:28:28
9307;2024-01-01 18:53:12;500882973.31;41;0;50;0;830;2024-01-01 19:28:28
9344;2024-01-01 18:55:59;500882973.31;50;5;41;5;830;2024-01-01 19:28:28
16;2024-01-01 00:11:02;526245359.09;2;8;41;8;857;2024-01-01 19:28:28
8446;2024-01-01 17:41:53;526245359.09;41;0;2;0;857;2024-01-01 19:28:28
9077;2024-01-01 18:34:13;501362595.9;6;9;41;9;789;2024-01-01 19:28:28
9223;2024-01-01 18:45:14;501362595.9;41;0;6;0;789;2024-01-01 19:28:28
8626;2024-01-01 17:57:18;561568164.79;12;3;41;3;1716;2024-01-01 19:28:28
9288;2024-01-01 18:51:11;561568164.79;41;0;12;0;1716;2024-01-01 19:28:28
1952;2024-01-01 04:21:28;656319623.65;41;0;47;0;1334;2024-01-01 19:28:28
9437;2024-01-01 19:03:54;656319623.65;47;8;41;8;1334;2024-01-01 19:28:28
5337;2024-01-01 11:16:49;215034993.42;3;6;41;6;417;2024-01-01 19:28:28
9503;2024-01-01 19:09:55;215034993.42;41;0;3;0;417;2024-01-01 19:28:28
7135;2024-01-01 15:01:57;311664382.0;33;2;41;2;2263;2024-01-01 19:28:28
8624;2024-01-01 17:57:06;311664382.0;41;0;33;0;2263;2024-01-01 19:28:28
7049;2024-01-01 14:51:26;350477194.05;41;0;37;0;2915;2024-01-01 19:28:28
9543;2024-01-01 19:13:36;350477194.05;37;4;41;4;2915;2024-01-01 19:28:28
3977;2024-01-01 08:20:33;174472915.7;46;1;41;1;2903;2024-01-01 19:28:28
9558;2024-01-01 19:15:06;174472915.7;41;0;46;0;2903;2024-01-01 19:28:28
4663;2024-01-01 09:54:50;473705866.44;13;3;41;3;1822;2024-01-01 19:28:28
8234;2024-01-01 17:24:01;473705866.44;41;0;13;0;1822;2024-01-01 19:28:28
385;2024-01-01 01:52:18;435123097.5;13;9;41;9;597;2024-01-01 19:28:28
8411;2024-01-01 17:39:59;435123097.5;41;0;13;0;597;2024-01-01 19:28:28
4705;2024-01-01 10:01:22;596881669.72;30;5;41;5;4988;2024-01-01 19:28:28
8286;2024-01-01 17:29:24;596881669.72;41;0;30;0;4988;2024-01-01 19:28:28
7400;2024-01-01 15:33:45;548463457.73;31;5;41;5;2900;2024-01-01 19:28:28
9546;2024-01-01 19:13:47;548463457.73;41;0;31;0;2900;2024-01-01 19:28:28
8864;2024-01-01 18:16:01;637089930.21;49;9;41;9;4985;2024-01-01 19:28:28
9407;2024-01-01 19:01:27;637089930.21;41;0;49;0;4985;2024-01-01 19:28:28
842;2024-01-01 02:30:54;298819445.92;25;0;41;0;2808;2024-01-01 19:28:35
9704;2024-01-01 19:28:31;298819445.92;41;7;25;7;2808;2024-01-01 19:28:35
3800;2024-01-01 07:59:28;480153734.06;23;7;46;7;4633;2024-01-01 19:28:41
9705;2024-01-01 19:28:37;480153734.06;46;0;23;0;4633;2024-01-01 19:28:41
4640;2024-01-01 09:51:16;643672845.19;19;7;10;7;1994;2024-01-01 19:28:45
6866;2024-01-01 14:27:08;643672845.19;10;0;19;0;1994;2024-01-01 19:28:45
764;2024-01-01 02:23:47;680026648.61;10;0;46;0;239;2024-01-01 19:28:45
7235;2024-01-01 15:13:23;680026648.61;46;3;10;3;239;2024-01-01 19:28:45
4104;2024-01-01 08:36:24;610815506.43;10;0;4;0;2206;2024-01-01 19:28:45
7253;2024-01-01 15:15:26;610815506.43;4;5;10;5;2206;2024-01-01 19:28:45
535;2024-01-01 02:04:44;653862999.75;42;5;10;5;1814;2024-01-01 19:28:45
8002;2024-01-01 16:52:38;653862999.75;10;0;42;0;1814;2024-01-01 19:28:45
894;2024-01-01 02:34:44;580893649.08;43;7;10;7;987;2024-01-01 19:28:45
8082;2024-01-01 17:04:26;580893649.08;10;0;43;0;987;2024-01-01 19:28:45
3251;2024-01-01 06:53:40;350580064.1;28;2;10;2;1267;2024-01-01 19:28:45
7364;2024-01-01 15:28:50;350580064.1;10;0;28;0;1267;2024-01-01 19:28:45
2017;2024-01-01 04:28:46;374938099.48;10;0;43;0;158;2024-01-01 19:28:45
7822;2024-01-01 16:28:34;374938099.48;43;10;10;10;158;2024-01-01 19:28:45
1022;2024-01-01 02:45:09;372912484.7;10;0;26;0;1141;2024-01-01 19:28:45
7966;2024-01-01 16:47:53;372912484.7;26;9;10;9;1141;2024-01-01 19:28:45
5274;2024-01-01 11:09:54;513695098.7;10;0;27;0;4754;2024-01-01 19:28:45
8625;2024-01-01 17:57:09;513695098.7;27;1;10;1;4754;2024-01-01 19:28:45
5522;2024-01-01 11:40:33;515121623.63;20;6;10;6;4196;2024-01-01 19:28:45
6591;2024-01-01 13:51:42;515121623.63;10;0;20;0;4196;2024-01-01 19:28:45
3003;2024-01-01 06:25:07;578896108.96;10;0;26;0;4824;2024-01-01 19:28:45
5424;2024-01-01 11:28:15;578896108.96;26;1;10;1;4824;2024-01-01 19:28:45
6076;2024-01-01 12:47:05;499762802.93;10;0;49;0;4484;2024-01-01 19:28:45
9096;2024-01-01 18:35:45;499762802.93;49;2;10;2;4484;2024-01-01 19:28:45
751;2024-01-01 02:23:07;509322835.66;10;0;24;0;1581;2024-01-01 19:28:45
9169;2024-01-01 18:41:13;509322835.66;24;7;10;7;1581;2024-01-01 19:28:45
5862;2024-01-01 12:20:29;463565574.32;50;8;10;8;1631;2024-01-01 19:28:45
9232;2024-01-01 18:46:19;463565574.32;10;0;50;0;1631;2024-01-01 19:28:45
676;2024-01-01 02:17:07;331951053.96;10;0;16;0;4947;2024-01-01 19:28:45
5684;2024-01-01 11:57:59;331951053.96;16;8;10;8;4947;2024-01-01 19:28:45
3411;2024-01-01 07:14:05;307196855.16;22;5;10;5;437;2024-01-01 19:28:45
7627;2024-01-01 16:02:05;307196855.16;10;0;22;0;437;2024-01-01 19:28:45
6312;2024-01-01 13:16:33;583843769.23;10;0;17;0;2797;2024-01-01 19:28:45
9368;2024-01-01 18:57:59;583843769.23;17;10;10;10;2797;2024-01-01 19:28:45
1684;2024-01-01 03:47:38;553310501.29;32;9;10;9;4200;2024-01-01 19:28:45
7624;2024-01-01 16:01:55;553310501.29;10;0;32;0;4200;2024-01-01 19:28:45
4560;2024-01-01 09:40:35;632666214.7;34;8;10;8;3058;2024-01-01 19:28:45
8179;2024-01-01 17:16:55;632666214.7;10;0;34;0;3058;2024-01-01 19:28:45
5581;2024-01-01 11:47:59;657808204.29;10;0;7;0;2742;2024-01-01 19:28:45
9413;2024-01-01 19:02:36;657808204.29;7;8;10;8;2742;2024-01-01 19:28:45
4176;2024-01-01 08:47:01;678768342.29;10;0;11;0;1088;2024-01-01 19:28:45
6477;2024-01-01 13:37:30;678768342.29;11;3;10;3;1088;2024-01-01 19:28:45
4494;2024-01-01 09:31:12;393277147.72;6;8;10;8;478;2024-01-01 19:28:45
9297;2024-01-01 18:52:37;393277147.72;10;0;6;0;478;2024-01-01 19:28:45
4932;2024-01-01 10:26:19;414685427.86;31;4;10;4;3212;2024-01-01 19:28:45
8872;2024-01-01 18:16:20;414685427.86;10;0;31;0;3212;2024-01-01 19:28:45
4004;2024-01-01 08:23:35;428011423.18;45;4;10;4;718;2024-01-01 19:28:45
9551;2024-01-01 19:14:42;428011423.18;10;0;45;0;718;2024-01-01 19:28:45
7264;2024-01-01 15:17:22;392352980.2;33;4;10;4;2270;2024-01-01 19:28:45
9574;2024-01-01 19:16:52;392352980.2;10;0;33;0;2270;2024-01-01 19:28:45
2653;2024-01-01 05:45:45;445847266.55;10;8;5;8;1458;2024-01-01 19:28:52
3387;2024-01-01 07:11:58;445847266.55;5;0;10;0;1458;2024-01-01 19:28:52
4641;2024-01-01 09:51:30;301916228.01;23;8;5;8;2138;2024-01-01 19:28:52
8385;2024-01-01 17:38:12;301916228.01;5;0;23;0;2138;2024-01-01 19:28:52
5068;2024-01-01 10:43:38;378896270.34;7;3;5;3;336;2024-01-01 19:28:52
8638;2024-01-01 17:58:02;378896270.34;5;0;7;0;336;2024-01-01 19:28:52
4001;2024-01-01 08:23:09;450554561.93;14;5;5;5;2701;2024-01-01 19:28:52
8691;2024-01-01 18:03:13;450554561.93;5;0;14;0;2701;2024-01-01 19:28:52
3314;2024-01-01 07:02:51;499225398.3;5;0;35;0;3197;2024-01-01 19:28:52
8840;2024-01-01 18:14:41;499225398.3;35;4;5;4;3197;2024-01-01 19:28:52
1431;2024-01-01 03:20:41;177975564.65;12;6;5;6;293;2024-01-01 19:28:52
8513;2024-01-01 17:48:18;177975564.65;5;0;12;0;293;2024-01-01 19:28:52
3647;2024-01-01 07:42:48;416310614.88;5;0;35;0;3470;2024-01-01 19:28:52
8911;2024-01-01 18:20:17;416310614.88;35;2;5;2;3470;2024-01-01 19:28:52
6486;2024-01-01 13:39:00;423086688.48;5;0;13;0;1009;2024-01-01 19:28:52
8094;2024-01-01 17:05:39;423086688.48;13;10;5;10;1009;2024-01-01 19:28:52
3737;2024-01-01 07:52:36;177828336.26;7;4;5;4;4021;2024-01-01 19:28:52
8982;2024-01-01 18:25:25;177828336.26;5;0;7;0;4021;2024-01-01 19:28:52
8329;2024-01-01 17:33:34;316455676.2;5;0;36;0;3825;2024-01-01 19:28:52
9092;2024-01-01 18:35:39;316455676.2;36;10;5;10;3825;2024-01-01 19:28:52
1924;2024-01-01 04:18:17;406128903.58;12;4;5;4;2810;2024-01-01 19:28:52
2605;2024-01-01 05:39:11;406128903.58;5;0;12;0;2810;2024-01-01 19:28:52
312;2024-01-01 01:46:05;361273631.92;5;0;6;0;2694;2024-01-01 19:28:52
9303;2024-01-01 18:53:05;361273631.92;6;7;5;7;2694;2024-01-01 19:28:52
1893;2024-01-01 04:15:07;333015894.24;7;2;5;2;1464;2024-01-01 19:28:52
9389;2024-01-01 18:59:56;333015894.24;5;0;7;0;1464;2024-01-01 19:28:52
6180;2024-01-01 13:01:40;196078754.36;12;3;5;3;4322;2024-01-01 19:28:52
9228;2024-01-01 18:45:47;196078754.36;5;0;12;0;4322;2024-01-01 19:28:52
5915;2024-01-01 12:27:22;325244917.37;32;9;5;9;3807;2024-01-01 19:28:52
8782;2024-01-01 18:10:14;325244917.37;5;0;32;0;3807;2024-01-01 19:28:52
3578;2024-01-01 07:33:27;199619993.18;43;1;5;1;3726;2024-01-01 19:28:52
3777;2024-01-01 07:56:53;199619993.18;5;0;43;0;3726;2024-01-01 19:28:52
6735;2024-01-01 14:10:40;427308237.85;5;0;6;0;4616;2024-01-01 19:28:52
8687;2024-01-01 18:03:04;427308237.85;6;8;5;8;4616;2024-01-01 19:28:52
979;2024-01-01 02:42:04;336460550.14;5;0;20;0;3720;2024-01-01 19:28:52
9291;2024-01-01 18:51:38;336460550.14;20;3;5;3;3720;2024-01-01 19:28:52
1407;2024-01-01 03:18:36;435196141.31;47;2;5;2;3156;2024-01-01 19:28:52
8703;2024-01-01 18:04:10;435196141.31;5;0;47;0;3156;2024-01-01 19:28:52
2652;2024-01-01 05:45:42;404347098.42;2;3;5;3;4410;2024-01-01 19:28:52
7918;2024-01-01 16:41:32;404347098.42;5;0;2;0;4410;2024-01-01 19:28:52
4924;2024-01-01 10:25:45;503036328.19;10;9;5;9;1854;2024-01-01 19:28:52
9586;2024-01-01 19:18:03;503036328.19;5;0;10;0;1854;2024-01-01 19:28:52
5548;2024-01-01 11:44:25;292661622.19;5;0;13;0;4462;2024-01-01 19:28:52
8709;2024-01-01 18:04:38;292661622.19;13;3;5;3;4462;2024-01-01 19:28:52
2480;2024-01-01 05:26:14;298432242.94;44;3;5;3;508;2024-01-01 19:28:52
9295;2024-01-01 18:52:26;298432242.94;5;0;44;0;508;2024-01-01 19:28:52
4551;2024-01-01 09:39:17;416536147.87;21;5;5;5;519;2024-01-01 19:28:52
7252;2024-01-01 15:15:18;416536147.87;5;0;21;0;519;2024-01-01 19:28:52
6930;2024-01-01 14:35:31;379054251.55;34;9;5;9;330;2024-01-01 19:28:52
7810;2024-01-01 16:26:52;379054251.55;5;0;34;0;330;2024-01-01 19:28:52
7272;2024-01-01 15:18:19;153380666.69;33;10;5;10;504;2024-01-01 19:28:52
8780;2024-01-01 18:09:52;153380666.69;5;0;33;0;504;2024-01-01 19:28:52
76;2024-01-01 01:12:42;422770936.3;13;4;5;4;1148;2024-01-01 19:28:52
9680;2024-01-01 19:26:54;422770936.3;5;0;13;0;1148;2024-01-01 19:28:52
3229;2024-01-01 06:50:40;281677002.92;11;7;5;7;1540;2024-01-01 19:28:52
8453;2024-01-01 17:42:22;281677002.92;5;0;11;0;1540;2024-01-01 19:28:52
1279;2024-01-01 03:07:11;338513524.86;12;4;23;4;3208;2024-01-01 19:28:54
7378;2024-01-01 15:30:59;338513524.86;23;0;12;0;3208;2024-01-01 19:28:54
8408;2024-01-01 17:39:53;222921794.41;43;8;23;8;4807;2024-01-01 19:28:54
9248;2024-01-01 18:47:15;222921794.41;23;0;43;0;4807;2024-01-01 19:28:54
7227;2024-01-01 15:12:14;341515809.92;48;10;23;10;4006;2024-01-01 19:28:54
9565;2024-01-01 19:15:47;341515809.92;23;0;48;0;4006;2024-01-01 19:28:54
847;2024-01-01 02:31:22;318747560.54;23;0;50;0;4538;2024-01-01 19:28:54
9607;2024-01-01 19:20:21;318747560.54;50;4;23;4;4538;2024-01-01 19:28:54
7674;2024-01-01 16:09:34;188195061.84;17;9;23;9;2057;2024-01-01 19:28:54
9499;2024-01-01 19:09:40;188195061.84;23;0;17;0;2057;2024-01-01 19:28:54
3640;2024-01-01 07:41:42;580322549.74;7;3;4;3;2611;2024-01-01 19:28:54
8726;2024-01-01 18:06:10;580322549.74;4;0;7;0;2611;2024-01-01 19:28:54
5038;2024-01-01 10:38:10;486909856.16;5;3;4;3;244;2024-01-01 19:28:54
5646;2024-01-01 11:54:23;486909856.16;4;0;5;0;244;2024-01-01 19:28:54
3939;2024-01-01 08:16:48;362997787.19;43;3;4;3;553;2024-01-01 19:28:54
4125;2024-01-01 08:41:33;362997787.19;4;0;43;0;553;2024-01-01 19:28:54
5721;2024-01-01 12:01:45;518351407.31;4;0;25;0;3887;2024-01-01 19:28:54
8476;2024-01-01 17:44:35;518351407.31;25;3;4;3;3887;2024-01-01 19:28:54
1446;2024-01-01 03:21:41;438470001.65;48;5;4;5;1188;2024-01-01 19:28:54
8541;2024-01-01 17:50:41;438470001.65;4;0;48;0;1188;2024-01-01 19:28:54
5156;2024-01-01 10:56:06;590440362.54;26;8;4;8;4191;2024-01-01 19:28:54
9428;2024-01-01 19:03:18;590440362.54;4;0;26;0;4191;2024-01-01 19:28:54
6102;2024-01-01 12:51:17;606410801.05;4;0;40;0;4466;2024-01-01 19:28:54
8617;2024-01-01 17:56:41;606410801.05;40;6;4;6;4466;2024-01-01 19:28:54
3366;2024-01-01 07:08:29;226661599.66;50;8;4;8;4192;2024-01-01 19:28:54
9440;2024-01-01 19:04:36;226661599.66;4;0;50;0;4192;2024-01-01 19:28:54
9255;2024-01-01 18:48:25;499780320.65;4;0;1;0;3895;2024-01-01 19:28:54
9455;2024-01-01 19:06:00;499780320.65;1;3;4;3;3895;2024-01-01 19:28:54
2167;2024-01-01 04:48:30;375866547.78;41;2;4;2;1556;2024-01-01 19:28:54
9456;2024-01-01 19:06:00;375866547.78;4;0;41;0;1556;2024-01-01 19:28:54
7566;2024-01-01 15:54:46;335950529.37;4;0;44;0;3939;2024-01-01 19:28:54
9518;2024-01-01 19:11:16;335950529.37;44;6;4;6;3939;2024-01-01 19:28:54
5309;2024-01-01 11:14:19;305046218.59;4;0;11;0;2107;2024-01-01 19:28:54
9554;2024-01-01 19:14:53;305046218.59;11;10;4;10;2107;2024-01-01 19:28:54
2443;2024-01-01 05:21:32;600137495.17;9;10;4;10;4565;2024-01-01 19:28:54
9186;2024-01-01 18:42:37;600137495.17;4;0;9;0;4565;2024-01-01 19:28:54
509;2024-01-01 02:02:27;424212634.89;4;0;42;0;4024;2024-01-01 19:28:54
8279;2024-01-01 17:28:59;424212634.89;42;1;4;1;4024;2024-01-01 19:28:54
6407;2024-01-01 13:28:00;269663467.37;4;0;15;0;1802;2024-01-01 19:28:54
8600;2024-01-01 17:55:49;269663467.37;15;5;4;5;1802;2024-01-01 19:28:54
9583;2024-01-01 19:17:55;579118776.67;4;0;44;0;2763;2024-01-01 19:28:54
9671;2024-01-01 19:26:00;579118776.67;44;8;4;8;2763;2024-01-01 19:28:54
3762;2024-01-01 07:55:18;295791570.5;4;0;11;0;4374;2024-01-01 19:28:54
9445;2024-01-01 19:05:02;295791570.5;11;7;4;7;4374;2024-01-01 19:28:54
5163;2024-01-01 10:56:49;460242184.25;11;7;4;7;3943;2024-01-01 19:28:54
9659;2024-01-01 19:24:51;460242184.25;4;0;11;0;3943;2024-01-01 19:28:54
8418;2024-01-01 17:40:32;267317222.45;7;0;39;0;646;2024-01-01 19:29:01
8711;2024-01-01 18:04:52;267317222.45;39;5;7;5;646;2024-01-01 19:29:01
2189;2024-01-01 04:50:50;392904819.3;7;0;32;0;2185;2024-01-01 19:29:01
8898;2024-01-01 18:19:01;392904819.3;32;5;7;5;2185;2024-01-01 19:29:01
4320;2024-01-01 09:07:55;319510881.85;7;0;46;0;3130;2024-01-01 19:29:01
7653;2024-01-01 16:06:35;319510881.85;46;1;7;1;3130;2024-01-01 19:29:01
7580;2024-01-01 15:57:08;384070870.2;34;10;32;10;422;2024-01-01 19:29:30
9463;2024-01-01 19:06:21;384070870.2;32;0;34;0;422;2024-01-01 19:29:30
386;2024-01-01 01:52:35;52195673.28;46;1;26;1;4394;2024-01-01 19:29:34
9468;2024-01-01 19:06:36;52195673.28;26;0;46;0;4394;2024-01-01 19:29:34
3975;2024-01-01 08:20:25;445292388.83;21;2;35;2;2633;2024-01-01 19:29:35
6344;2024-01-01 13:20:02;445292388.83;35;0;21;0;2633;2024-01-01 19:29:35
4988;2024-01-01 10:32:58;454677746.01;10;0;21;0;1075;2024-01-01 19:29:35
7669;2024-01-01 16:08:59;454677746.01;21;2;10;2;1075;2024-01-01 19:29:35
8475;2024-01-01 17:44:28;351550238.3;21;2;23;2;3794;2024-01-01 19:29:35
9643;2024-01-01 19:23:37;351550238.3;23;0;21;0;3794;2024-01-01 19:29:35
812;2024-01-01 02:27:55;508300359.95;10;0;15;0;3273;2024-01-01 19:29:37
7308;2024-01-01 15:21:40;508300359.95;15;9;10;9;3273;2024-01-01 19:29:37
3360;2024-01-01 07:08:06;588358556.85;45;0;39;0;4225;2024-01-01 19:29:44
5459;2024-01-01 11:32:12;588358556.85;39;3;45;3;4225;2024-01-01 19:29:44
7691;2024-01-01 16:11:45;462888303.55;45;0;48;0;380;2024-01-01 19:29:44
8263;2024-01-01 17:26:39;462888303.55;48;1;45;1;380;2024-01-01 19:29:44
7577;2024-01-01 15:56:37;460849778.45;50;5;45;5;702;2024-01-01 19:29:44
8495;2024-01-01 17:46:25;460849778.45;45;0;50;0;702;2024-01-01 19:29:44
6898;2024-01-01 14:31:02;574808145.6;23;4;45;4;4221;2024-01-01 19:29:44
8582;2024-01-01 17:54:28;574808145.6;45;0;23;0;4221;2024-01-01 19:29:44
6202;2024-01-01 13:04:04;462190850.76;45;0;25;0;1202;2024-01-01 19:29:44
8901;2024-01-01 18:19:27;462190850.76;25;2;45;2;1202;2024-01-01 19:29:44
788;2024-01-01 02:25:38;407366655.68;45;0;26;0;2647;2024-01-01 19:29:44
7469;2024-01-01 15:42:26;407366655.68;26;10;45;10;2647;2024-01-01 19:29:44
1698;2024-01-01 03:49:33;429195945.31;28;1;45;1;4772;2024-01-01 19:29:44
5301;2024-01-01 11:13:16;429195945.31;45;0;28;0;4772;2024-01-01 19:29:44
1714;2024-01-01 03:51:33;389768661.91;10;6;45;6;3878;2024-01-01 19:29:44
8528;2024-01-01 17:50:04;389768661.91;45;0;10;0;3878;2024-01-01 19:29:44
2327;2024-01-01 05:07:09;434235174.9;14;8;45;8;2599;2024-01-01 19:29:44
5344;2024-01-01 11:17:40;434235174.9;45;0;14;0;2599;2024-01-01 19:29:44
4435;2024-01-01 09:23:21;482959819.88;3;1;45;1;2113;2024-01-01 19:29:44
8457;2024-01-01 17:42:59;482959819.88;45;0;3;0;2113;2024-01-01 19:29:44
8596;2024-01-01 17:55:31;199744182.44;41;8;45;8;3876;2024-01-01 19:29:44
9172;2024-01-01 18:41:23;199744182.44;45;0;41;0;3876;2024-01-01 19:29:44
5860;2024-01-01 12:20:16;556384394.6;9;8;45;8;3119;2024-01-01 19:29:44
8264;2024-01-01 17:26:41;556384394.6;45;0;9;0;3119;2024-01-01 19:29:44
849;2024-01-01 02:31:40;520066203.79;45;0;28;0;4405;2024-01-01 19:29:44
8289;2024-01-01 17:29:55;520066203.79;28;4;45;4;4405;2024-01-01 19:29:44
1055;2024-01-01 02:47:37;494919305.61;45;0;11;0;4097;2024-01-01 19:29:44
9247;2024-01-01 18:47:13;494919305.61;11;5;45;5;4097;2024-01-01 19:29:44
7929;2024-01-01 16:42:48;341619151.35;45;0;22;0;1722;2024-01-01 19:29:44
8639;2024-01-01 17:58:15;341619151.35;22;5;45;5;1722;2024-01-01 19:29:44
339;2024-01-01 01:48:36;552281004.57;29;4;45;4;272;2024-01-01 19:29:44
7265;2024-01-01 15:17:23;552281004.57;45;0;29;0;272;2024-01-01 19:29:44
314;2024-01-01 01:46:09;355500431.35;45;0;29;0;1060;2024-01-01 19:29:44
9360;2024-01-01 18:57:18;355500431.35;29;4;45;4;1060;2024-01-01 19:29:44
5825;2024-01-01 12:16:01;235260099.29;45;0;39;0;605;2024-01-01 19:29:44
9386;2024-01-01 18:59:41;235260099.29;39;6;45;6;605;2024-01-01 19:29:44
4280;2024-01-01 09:01:51;425293368.64;26;3;45;3;2325;2024-01-01 19:29:44
6675;2024-01-01 14:01:56;425293368.64;45;0;26;0;2325;2024-01-01 19:29:44
4240;2024-01-01 08:56:36;365018620.66;32;4;45;4;2793;2024-01-01 19:29:44
8926;2024-01-01 18:21:14;365018620.66;45;0;32;0;2793;2024-01-01 19:29:44
1563;2024-01-01 03:32:35;427442943.74;45;0;13;0;3730;2024-01-01 19:29:44
9133;2024-01-01 18:38:26;427442943.74;13;4;45;4;3730;2024-01-01 19:29:44
3428;2024-01-01 07:15:51;533910650.26;45;0;48;0;4284;2024-01-01 19:29:44
7695;2024-01-01 16:12:35;533910650.26;48;4;45;4;4284;2024-01-01 19:29:44
4426;2024-01-01 09:21:59;448527900.06;45;0;48;0;554;2024-01-01 19:29:44
9260;2024-01-01 18:48:43;448527900.06;48;4;45;4;554;2024-01-01 19:29:44
2720;2024-01-01 05:53:03;372066758.8;10;4;45;4;3519;2024-01-01 19:29:44
9483;2024-01-01 19:08:33;372066758.8;45;0;10;0;3519;2024-01-01 19:29:44
2707;2024-01-01 05:51:50;571014951.62;44;8;45;8;1082;2024-01-01 19:29:44
9487;2024-01-01 19:08:52;571014951.62;45;0;44;0;1082;2024-01-01 19:29:44
276;2024-01-01 01:43:44;479544401.19;43;4;45;4;2167;2024-01-01 19:29:44
8653;2024-01-01 17:59:45;479544401.19;45;0;43;0;2167;2024-01-01 19:29:44
330;2024-01-01 01:47:59;601520264.18;45;0;14;0;586;2024-01-01 19:29:44
9197;2024-01-01 18:43:15;601520264.18;14;10;45;10;586;2024-01-01 19:29:44
1298;2024-01-01 03:09:23;597595949.73;22;1;45;1;2733;2024-01-01 19:29:44
8169;2024-01-01 17:15:31;597595949.73;45;0;22;0;2733;2024-01-01 19:29:44
4943;2024-01-01 10:27:10;258302034.32;43;4;45;4;1439;2024-01-01 19:29:44
9582;2024-01-01 19:17:54;258302034.32;45;0;43;0;1439;2024-01-01 19:29:44
3747;2024-01-01 07:53:47;324334329.3;45;0;23;0;2013;2024-01-01 19:29:44
9598;2024-01-01 19:19:33;324334329.3;23;4;45;4;2013;2024-01-01 19:29:44
5395;2024-01-01 11:24:44;465371401.59;9;8;45;8;546;2024-01-01 19:29:44
9617;2024-01-01 19:21:08;465371401.59;45;0;9;0;546;2024-01-01 19:29:44
7620;2024-01-01 16:01:30;324399928.62;45;0;16;0;3147;2024-01-01 19:29:44
9638;2024-01-01 19:23:07;324399928.62;16;7;45;7;3147;2024-01-01 19:29:44
6633;2024-01-01 13:56:45;611310927.14;14;1;45;1;3317;2024-01-01 19:29:44
7244;2024-01-01 15:14:19;611310927.14;45;0;14;0;3317;2024-01-01 19:29:44
4781;2024-01-01 10:10:32;394349477.27;15;10;45;10;4063;2024-01-01 19:29:44
9397;2024-01-01 19:00:59;394349477.27;45;0;15;0;4063;2024-01-01 19:29:44
895;2024-01-01 02:34:54;523615756.31;45;0;2;0;4875;2024-01-01 19:29:44
7174;2024-01-01 15:06:04;523615756.31;2;2;45;2;4875;2024-01-01 19:29:44
5230;2024-01-01 11:05:27;435571200.26;45;0;10;0;936;2024-01-01 19:29:44
9050;2024-01-01 18:31:08;435571200.26;10;1;45;1;936;2024-01-01 19:29:44
6582;2024-01-01 13:50:50;386003589.37;34;3;45;3;1495;2024-01-01 19:29:44
6868;2024-01-01 14:27:39;386003589.37;45;0;34;0;1495;2024-01-01 19:29:44
5117;2024-01-01 10:50:49;550661462.13;45;0;40;0;1682;2024-01-01 19:29:44
8369;2024-01-01 17:37:16;550661462.13;40;4;45;4;1682;2024-01-01 19:29:44
3512;2024-01-01 07:24:59;170532720.24;21;0;15;0;4676;2024-01-01 19:29:44
7436;2024-01-01 15:38:22;170532720.24;15;6;21;6;4676;2024-01-01 19:29:44
1976;2024-01-01 04:24:13;456109369.8;36;0;13;0;552;2024-01-01 19:29:44
8058;2024-01-01 17:00:28;456109369.8;13;6;36;6;552;2024-01-01 19:29:44
7226;2024-01-01 15:12:06;41311002.18;46;0;13;0;2985;2024-01-01 19:29:44
9710;2024-01-01 19:28:49;41311002.18;13;6;46;6;2985;2024-01-01 19:29:44
7667;2024-01-01 16:08:23;280566725.92;27;0;20;0;4457;2024-01-01 19:29:45
8753;2024-01-01 18:08:11;280566725.92;20;9;27;9;4457;2024-01-01 19:29:45
2789;2024-01-01 06:00:21;211158152.07;30;2;27;2;3505;2024-01-01 19:29:45
9210;2024-01-01 18:44:02;211158152.07;27;0;30;0;3505;2024-01-01 19:29:45
7052;2024-01-01 14:52:18;283230440.08;27;0;37;0;2351;2024-01-01 19:29:45
9486;2024-01-01 19:08:45;283230440.08;37;4;27;4;2351;2024-01-01 19:29:45
3066;2024-01-01 06:32:15;212278356.5;27;0;31;0;1258;2024-01-01 19:29:45
8858;2024-01-01 18:15:39;212278356.5;31;2;27;2;1258;2024-01-01 19:29:45
903;2024-01-01 02:35:40;206797396.96;27;0;42;0;3228;2024-01-01 19:29:45
9697;2024-01-01 19:28:10;206797396.96;42;10;27;10;3228;2024-01-01 19:29:45
5352;2024-01-01 11:18:28;370077134.72;44;5;35;5;1845;2024-01-01 19:29:45
9316;2024-01-01 18:54:03;370077134.72;35;0;44;0;1845;2024-01-01 19:29:45
293;2024-01-01 01:45:01;357340088.81;44;5;46;5;3331;2024-01-01 19:29:45
7914;2024-01-01 16:40:43;357340088.81;46;0;44;0;3331;2024-01-01 19:29:45
881;2024-01-01 02:33:55;483424344.29;35;6;24;6;2640;2024-01-01 19:29:45
7613;2024-01-01 16:00:35;483424344.29;24;0;35;0;2640;2024-01-01 19:29:45
7632;2024-01-01 16:03:03;516427226.32;29;8;24;8;4001;2024-01-01 19:29:45
7823;2024-01-01 16:28:43;516427226.32;24;0;29;0;4001;2024-01-01 19:29:45
8291;2024-01-01 17:30:31;516348397.75;18;9;24;9;1853;2024-01-01 19:29:45
8473;2024-01-01 17:44:19;516348397.75;24;0;18;0;1853;2024-01-01 19:29:45
7070;2024-01-01 14:54:18;445535879.18;39;7;24;7;979;2024-01-01 19:29:45
8722;2024-01-01 18:05:26;445535879.18;24;0;39;0;979;2024-01-01 19:29:45
3290;2024-01-01 07:00:32;396721612.32;46;1;24;1;2347;2024-01-01 19:29:45
3774;2024-01-01 07:56:32;396721612.32;24;0;46;0;2347;2024-01-01 19:29:45
3308;2024-01-01 07:02:05;274293933.81;24;0;5;0;1642;2024-01-01 19:29:45
7679;2024-01-01 16:10:08;274293933.81;5;3;24;3;1642;2024-01-01 19:29:45
2061;2024-01-01 04:34:07;516260604.64;35;4;24;4;3325;2024-01-01 19:29:45
9163;2024-01-01 18:40:41;516260604.64;24;0;35;0;3325;2024-01-01 19:29:45
3771;2024-01-01 07:56:08;477994996.49;29;4;24;4;1972;2024-01-01 19:29:45
8044;2024-01-01 16:58:43;477994996.49;24;0;29;0;1972;2024-01-01 19:29:45
5575;2024-01-01 11:47:31;359597045.0;24;0;31;0;2695;2024-01-01 19:29:45
9349;2024-01-01 18:56:32;359597045.0;31;8;24;8;2695;2024-01-01 19:29:45
1624;2024-01-01 03:39:45;395240670.67;24;0;19;0;2331;2024-01-01 19:29:45
8271;2024-01-01 17:28:03;395240670.67;19;10;24;10;2331;2024-01-01 19:29:45
6648;2024-01-01 13:58:18;429748984.28;4;7;24;7;4295;2024-01-01 19:29:45
9544;2024-01-01 19:13:43;429748984.28;24;0;4;0;4295;2024-01-01 19:29:45
2793;2024-01-01 06:00:45;430974914.73;24;0;28;0;1548;2024-01-01 19:29:45
8065;2024-01-01 17:01:38;430974914.73;28;5;24;5;1548;2024-01-01 19:29:45
2670;2024-01-01 05:48:04;375992936.41;21;3;24;3;1579;2024-01-01 19:29:45
9347;2024-01-01 18:56:15;375992936.41;24;0;21;0;1579;2024-01-01 19:29:45
5394;2024-01-01 11:24:37;480424590.77;18;8;24;8;1696;2024-01-01 19:29:45
9622;2024-01-01 19:22:02;480424590.77;24;0;18;0;1696;2024-01-01 19:29:45
6314;2024-01-01 13:16:53;432324596.28;19;9;24;9;3928;2024-01-01 19:29:45
7126;2024-01-01 15:01:20;432324596.28;24;0;19;0;3928;2024-01-01 19:29:45
3520;2024-01-01 07:26:11;375937073.51;24;0;32;0;2789;2024-01-01 19:29:45
9647;2024-01-01 19:23:53;375937073.51;32;8;24;8;2789;2024-01-01 19:29:45
2841;2024-01-01 06:06:38;305557188.8;7;6;24;6;4638;2024-01-01 19:29:45
9107;2024-01-01 18:36:42;305557188.8;24;0;7;0;4638;2024-01-01 19:29:45
2110;2024-01-01 04:39:59;293845343.06;40;6;29;6;1771;2024-01-01 19:29:47
9454;2024-01-01 19:05:59;293845343.06;29;0;40;0;1771;2024-01-01 19:29:47
327;2024-01-01 01:47:49;601269273.07;45;0;12;0;3137;2024-01-01 19:29:47
7980;2024-01-01 16:50:01;601269273.07;12;1;45;1;3137;2024-01-01 19:29:47
