TID;Day;Time;Value;FromParticipantId;FromAccountId;ToParticipantId;ToAccountId;Linkcode
101;1;431;73538114;15;3;11;3;1
102;1;1357;73538114;11;0;15;0;1
103;1;584;59592803;9;3;8;3;2
104;1;792;59592803;8;0;9;0;2
105;1;915;98579607;1;2;13;2;3
106;1;141;98579607;13;0;1;0;3
107;1;1207;84042756;1;3;10;3;4
108;1;655;84042756;10;0;1;0;4
109;1;142;71173876;12;1;10;1;5
110;1;999;71173876;10;0;12;0;5
111;1;603;79279288;13;3;14;3;6
112;1;462;79279288;14;0;13;0;6
113;1;35;52148009;2;2;11;2;7
114;1;720;52148009;11;0;2;0;7
115;1;694;38376980;2;3;11;3;8
116;1;586;38376980;11;0;2;0;8
117;1;106;31055143;4;1;5;1;9
118;1;92;31055143;5;0;4;0;9
119;1;820;38508048;14;2;3;2;10
120;1;780;38508048;3;0;14;0;10
121;1;349;16207156;12;3;14;3;11
122;1;688;16207156;14;0;12;0;11
123;1;760;94626020;3;3;10;3;12
124;1;953;94626020;10;0;3;0;12
125;1;1440;59878965;7;1;11;1;13
126;1;951;59878965;11;0;7;0;13
127;1;1411;24133125;14;1;12;1;14
128;1;336;24133125;12;0;14;0;14
129;1;1253;90402267;13;3;3;3;15
130;1;322;90402267;3;0;13;0;15
131;1;343;64126306;3;2;2;2;16
132;1;1186;64126306;2;0;3;0;16
133;1;109;46978947;8;1;3;1;17
134;1;147;46978947;3;0;8;0;17
135;1;352;4230231;5;3;2;3;18
136;1;825;4230231;2;0;5;0;18
137;1;401;1858963;14;3;3;3;19
138;1;1377;1858963;3;0;14;0;19
139;1;983;71600447;1;1;14;1;20
140;1;239;71600447;14;0;1;0;20
141;1;978;74689973;7;1;12;1;21
142;1;1296;74689973;12;0;7;0;21
143;1;981;68461400;9;3;5;3;22
144;1;571;68461400;5;0;9;0;22
145;1;359;26067660;9;3;15;3;23
146;1;1288;26067660;15;0;9;0;23
147;1;1415;1498106;7;2;3;2;24
148;1;1317;1498106;3;0;7;0;24
149;1;1119;57613643;12;1;10;1;25
150;1;972;57613643;10;0;12;0;25
151;1;457;45465563;14;2;9;2;26
152;1;1170;45465563;9;0;14;0;26
153;1;775;78257235;8;3;6;3;27
154;1;1337;78257235;6;0;8;0;27
155;1;1047;92960601;9;2;2;2;28
156;1;1385;92960601;2;0;9;0;28
157;1;117;65925874;14;2;11;2;29
158;1;76;65925874;11;0;14;0;29
159;1;17;17366994;12;3;1;3;30
160;1;491;17366994;1;0;12;0;30
161;1;1015;74223798;8;3;1;3;31
162;1;974;74223798;1;0;8;0;31
163;1;350;58165264;6;1;14;1;32
164;1;689;58165264;14;0;6;0;32
165;1;209;44532584;4;2;8;2;33
166;1;233;44532584;8;0;4;0;33
167;1;518;73739988;11;3;12;3;34
168;1;1408;73739988;12;0;11;0;34
169;1;1276;50538895;8;2;9;2;35
170;1;605;50538895;9;0;8;0;35
171;1;953;45084832;8;1;12;1;36
172;1;982;45084832;12;0;8;0;36
173;1;1422;90666521;12;3;10;3;37
174;1;745;90666521;10;0;12;0;37
175;1;1221;3010144;13;3;6;3;38
176;1;1003;3010144;6;0;13;0;38
177;1;880;34572687;10;1;3;1;39
178;1;1289;34572687;3;0;10;0;39
179;1;295;65028918;12;3;13;3;40
180;1;371;65028918;13;0;12;0;40
181;1;1271;18666726;7;3;15;3;41
182;1;660;18666726;15;0;7;0;41
183;1;179;1579607;14;1;13;1;42
184;1;1398;1579607;13;0;14;0;42
185;1;345;20924077;9;3;7;3;43
186;1;536;20924077;7;0;9;0;43
187;1;543;59428084;5;1;4;1;44
188;1;1437;59428084;4;0;5;0;44
189;1;1296;67140656;7;2;14;2;45
190;1;372;67140656;14;0;7;0;45
191;1;857;50176232;5;3;12;3;46
192;1;742;50176232;12;0;5;0;46
193;1;394;68958468;2;1;3;1;47
194;1;1438;68958468;3;0;2;0;47
195;1;682;40121691;3;1;2;1;48
196;1;1055;40121691;2;0;3;0;48
197;1;1041;79264184;15;2;13;2;49
198;1;1196;79264184;13;0;15;0;49
199;1;762;38919889;14;2;12;2;50
200;1;944;38919889;12;0;14;0;50
201;1;1399;19962700;11;2;13;2;51
202;1;867;19962700;13;0;11;0;51
203;1;753;82929552;7;2;14;2;52
204;1;941;82929552;14;0;7;0;52
205;1;466;81717132;9;3;8;3;53
206;1;408;81717132;8;0;9;0;53
207;1;188;87078366;7;1;12;1;54
208;1;857;87078366;12;0;7;0;54
209;1;1392;38812896;1;1;6;1;55
210;1;1138;38812896;6;0;1;0;55
211;1;152;54755762;2;1;8;1;56
212;1;936;54755762;8;0;2;0;56
213;1;832;29109954;12;3;4;3;57
214;1;1100;29109954;4;0;12;0;57
215;1;924;10018539;12;3;9;3;58
216;1;68;10018539;9;0;12;0;58
217;1;559;7391834;9;2;14;2;59
218;1;223;7391834;14;0;9;0;59
219;1;67;11590899;5;1;10;1;60
220;1;1313;11590899;10;0;5;0;60
221;1;1010;35386563;11;2;6;2;61
222;1;156;35386563;6;0;11;0;61
223;1;1411;75353905;12;3;9;3;62
224;1;130;75353905;9;0;12;0;62
225;1;454;40008651;2;1;15;1;63
226;1;1435;40008651;15;0;2;0;63
227;1;1096;49210583;11;3;12;3;64
228;1;979;49210583;12;0;11;0;64
229;1;1396;10030115;2;3;8;3;65
230;1;547;10030115;8;0;2;0;65
231;1;174;68300163;12;1;15;1;66
232;1;923;68300163;15;0;12;0;66
233;1;347;5819324;2;3;9;3;67
234;1;125;5819324;9;0;2;0;67
235;1;648;71601284;11;3;8;3;68
236;1;355;71601284;8;0;11;0;68
237;1;1282;25977549;8;3;12;3;69
238;1;1064;25977549;12;0;8;0;69
239;1;398;76788515;4;3;14;3;70
240;1;492;76788515;14;0;4;0;70
241;1;889;18642401;13;3;7;3;71
242;1;696;18642401;7;0;13;0;71
243;1;549;81099685;5;3;8;3;72
244;1;362;81099685;8;0;5;0;72
245;1;1218;73405108;6;1;1;1;73
246;1;1125;73405108;1;0;6;0;73
247;1;1341;63742126;14;3;3;3;74
248;1;725;63742126;3;0;14;0;74
249;1;1353;59447712;14;3;1;3;75
250;1;1073;59447712;1;0;14;0;75
251;1;190;38995291;14;1;10;1;76
252;1;967;38995291;10;0;14;0;76
253;1;528;19473171;9;3;6;3;77
254;1;906;19473171;6;0;9;0;77
255;1;643;9310984;13;2;14;2;78
256;1;240;9310984;14;0;13;0;78
257;1;1082;97476397;1;1;8;1;79
258;1;8;97476397;8;0;1;0;79
259;1;1270;37440288;1;3;12;3;80
260;1;181;37440288;12;0;1;0;80
261;1;355;59083831;13;2;8;2;81
262;1;656;59083831;8;0;13;0;81
263;1;1000;23732246;14;1;6;1;82
264;1;1023;23732246;6;0;14;0;82
265;1;1184;87039831;12;1;11;1;83
266;1;1318;87039831;11;0;12;0;83
267;1;912;6987455;13;2;6;2;84
268;1;290;6987455;6;0;13;0;84
269;1;495;1531888;6;3;4;3;85
270;1;618;1531888;4;0;6;0;85
271;1;1046;879780;1;3;12;3;86
272;1;904;879780;12;0;1;0;86
273;1;1062;2054978;2;3;13;3;87
274;1;667;2054978;13;0;2;0;87
275;1;1129;92101973;2;1;13;1;88
276;1;62;92101973;13;0;2;0;88
277;1;701;80135274;11;3;9;3;89
278;1;1352;80135274;9;0;11;0;89
279;1;870;71568194;1;2;11;2;90
280;1;302;71568194;11;0;1;0;90
281;1;390;45663528;5;3;15;3;91
282;1;1371;45663528;15;0;5;0;91
283;1;380;59602506;1;1;15;1;92
284;1;149;59602506;15;0;1;0;92
285;1;640;12998694;13;2;11;2;93
286;1;72;12998694;11;0;13;0;93
287;1;1284;75605710;2;1;4;1;94
288;1;68;75605710;4;0;2;0;94
289;1;337;89457698;8;3;14;3;95
290;1;867;89457698;14;0;8;0;95
291;1;5;4134971;14;3;6;3;96
292;1;541;4134971;6;0;14;0;96
293;1;804;99765951;5;3;14;3;97
294;1;476;99765951;14;0;5;0;97
295;1;87;83416858;15;1;13;1;98
296;1;506;83416858;13;0;15;0;98
297;1;427;25748096;13;1;5;1;99
298;1;665;25748096;5;0;13;0;99
299;1;417;44831821;7;3;3;3;100
300;1;162;44831821;3;0;7;0;100
301;1;1283;91787746;6;1;9;1;101
302;1;845;91787746;9;0;6;0;101
303;1;591;21260542;6;2;3;2;102
304;1;517;21260542;3;0;6;0;102
305;1;1099;14133877;10;1;7;1;103
306;1;1380;14133877;7;0;10;0;103
307;1;949;80452918;13;1;2;1;104
308;1;115;80452918;2;0;13;0;104
309;1;184;24056603;8;1;1;1;105
310;1;655;24056603;1;0;8;0;105
311;1;377;93285300;3;2;15;2;106
312;1;126;93285300;15;0;3;0;106
313;1;648;52404768;5;2;11;2;107
314;1;1385;52404768;11;0;5;0;107
315;1;229;4962159;13;2;15;2;108
316;1;1098;4962159;15;0;13;0;108
317;1;684;3476053;6;2;13;2;109
318;1;102;3476053;13;0;6;0;109
319;1;1140;45936484;3;1;9;1;110
320;1;754;45936484;9;0;3;0;110
321;1;1406;87556405;5;1;10;1;111
322;1;839;87556405;10;0;5;0;111
323;1;46;81272787;6;3;4;3;112
324;1;174;81272787;4;0;6;0;112
325;1;1083;47783295;6;1;13;1;113
326;1;1332;47783295;13;0;6;0;113
327;1;461;14076278;14;3;13;3;114
328;1;1018;14076278;13;0;14;0;114
329;1;952;33488245;2;3;11;3;115
330;1;1001;33488245;11;0;2;0;115
331;1;858;60378419;4;2;7;2;116
332;1;259;60378419;7;0;4;0;116
333;1;1199;67178537;2;3;8;3;117
334;1;539;67178537;8;0;2;0;117
335;1;1230;84882517;12;1;5;1;118
336;1;593;84882517;5;0;12;0;118
337;1;787;51506748;3;3;4;3;119
338;1;252;51506748;4;0;3;0;119
339;1;1388;22901473;2;1;3;1;120
340;1;396;22901473;3;0;2;0;120
341;1;69;70232020;3;1;6;1;121
342;1;980;70232020;6;0;3;0;121
343;1;1283;20296493;9;3;5;3;122
344;1;578;20296493;5;0;9;0;122
345;1;930;71469679;4;1;11;1;123
346;1;183;71469679;11;0;4;0;123
347;1;810;43831200;10;3;14;3;124
348;1;1115;43831200;14;0;10;0;124
349;1;1133;77573820;15;2;7;2;125
350;1;186;77573820;7;0;15;0;125
351;1;519;13980436;14;3;15;3;126
352;1;21;13980436;15;0;14;0;126
353;1;861;68989956;4;2;1;2;127
354;1;597;68989956;1;0;4;0;127
355;1;342;29069413;7;2;5;2;128
356;1;433;29069413;5;0;7;0;128
357;1;1267;72324875;2;2;6;2;129
358;1;278;72324875;6;0;2;0;129
359;1;1134;79939945;14;1;10;1;130
360;1;303;79939945;10;0;14;0;130
361;1;124;80222507;11;3;8;3;131
362;1;1;80222507;8;0;11;0;131
363;1;1204;5095111;5;3;7;3;132
364;1;1266;5095111;7;0;5;0;132
365;1;493;86560934;13;2;7;2;133
366;1;576;86560934;7;0;13;0;133
367;1;411;55422299;12;1;2;1;134
368;1;481;55422299;2;0;12;0;134
369;1;766;37095635;3;1;4;1;135
370;1;767;37095635;4;0;3;0;135
371;1;1151;20433977;12;2;6;2;136
372;1;393;20433977;6;0;12;0;136
373;1;767;63384183;10;2;1;2;137
374;1;957;63384183;1;0;10;0;137
375;1;813;74460172;1;2;11;2;138
376;1;1155;74460172;11;0;1;0;138
377;1;887;54329033;5;1;1;1;139
378;1;1405;54329033;1;0;5;0;139
379;1;1279;64321385;5;3;8;3;140
380;1;1290;64321385;8;0;5;0;140
381;1;1080;84220834;13;1;15;1;141
382;1;101;84220834;15;0;13;0;141
383;1;602;13545605;15;1;9;1;142
384;1;117;13545605;9;0;15;0;142
385;1;1107;79666066;10;2;15;2;143
386;1;816;79666066;15;0;10;0;143
387;1;927;96684169;4;3;9;3;144
388;1;1136;96684169;9;0;4;0;144
389;1;242;79769316;9;1;11;1;145
390;1;1400;79769316;11;0;9;0;145
391;1;1359;43637352;4;1;7;1;146
392;1;657;43637352;7;0;4;0;146
393;1;971;30215254;5;1;2;1;147
394;1;69;30215254;2;0;5;0;147
395;1;634;92388884;6;1;13;1;148
396;1;473;92388884;13;0;6;0;148
397;1;498;46879530;15;3;10;3;149
398;1;844;46879530;10;0;15;0;149
399;1;936;57681234;8;1;7;1;150
400;1;1045;57681234;7;0;8;0;150
401;1;1038;53267625;12;3;10;3;151
402;1;926;53267625;10;0;12;0;151
403;1;491;96659843;7;2;15;2;152
404;1;1178;96659843;15;0;7;0;152
405;1;218;21751366;8;2;14;2;153
406;1;30;21751366;14;0;8;0;153
407;1;725;72794859;11;2;4;2;154
408;1;798;72794859;4;0;11;0;154
409;1;735;86923664;10;1;3;1;155
410;1;356;86923664;3;0;10;0;155
411;1;886;96636921;12;2;8;2;156
412;1;471;96636921;8;0;12;0;156
413;1;883;11599658;5;1;12;1;157
414;1;13;11599658;12;0;5;0;157
415;1;1293;23226379;7;2;11;2;158
416;1;369;23226379;11;0;7;0;158
417;1;364;83081939;10;2;9;2;159
418;1;25;83081939;9;0;10;0;159
419;1;797;81793816;15;3;11;3;160
420;1;589;81793816;11;0;15;0;160
421;1;879;5215776;7;2;8;2;161
422;1;762;5215776;8;0;7;0;161
423;1;1247;33555506;13;3;8;3;162
424;1;631;33555506;8;0;13;0;162
425;1;883;76092109;15;1;2;1;163
426;1;376;76092109;2;0;15;0;163
427;1;455;54916697;11;1;10;1;164
428;1;469;54916697;10;0;11;0;164
429;1;350;57745866;14;3;8;3;165
430;1;1199;57745866;8;0;14;0;165
431;1;1059;10798552;6;1;4;1;166
432;1;1246;10798552;4;0;6;0;166
433;1;1336;52834461;13;2;10;2;167
434;1;688;52834461;10;0;13;0;167
435;1;1015;76768259;4;3;15;3;168
436;1;1108;76768259;15;0;4;0;168
437;1;1025;17840947;8;3;10;3;169
438;1;331;17840947;10;0;8;0;169
439;1;1158;57119013;4;3;7;3;170
440;1;649;57119013;7;0;4;0;170
441;1;1210;57333662;7;1;3;1;171
442;1;1264;57333662;3;0;7;0;171
443;1;892;70344662;14;1;11;1;172
444;1;99;70344662;11;0;14;0;172
445;1;402;22577330;1;1;2;1;173
446;1;469;22577330;2;0;1;0;173
447;1;1321;83119192;10;3;14;3;174
448;1;61;83119192;14;0;10;0;174
449;1;533;22807626;2;2;3;2;175
450;1;842;22807626;3;0;2;0;175
451;1;1273;62260557;2;1;12;1;176
452;1;1093;62260557;12;0;2;0;176
453;1;1299;32081175;12;1;13;1;177
454;1;241;32081175;13;0;12;0;177
455;1;1002;10284206;12;1;11;1;178
456;1;226;10284206;11;0;12;0;178
457;1;1267;70982645;15;1;11;1;179
458;1;1047;70982645;11;0;15;0;179
459;1;1112;39221477;6;3;2;3;180
460;1;217;39221477;2;0;6;0;180
461;1;956;57397408;13;1;7;1;181
462;1;576;57397408;7;0;13;0;181
463;1;779;58791648;10;1;12;1;182
464;1;804;58791648;12;0;10;0;182
465;1;815;15161826;3;1;9;1;183
466;1;959;15161826;9;0;3;0;183
467;1;643;53507452;2;1;10;1;184
468;1;375;53507452;10;0;2;0;184
469;1;664;49251947;4;3;13;3;185
470;1;482;49251947;13;0;4;0;185
471;1;283;90061778;10;2;12;2;186
472;1;59;90061778;12;0;10;0;186
473;1;636;22483957;5;2;11;2;187
474;1;322;22483957;11;0;5;0;187
475;1;27;75277117;4;1;8;1;188
476;1;36;75277117;8;0;4;0;188
477;1;895;1415320;5;3;11;3;189
478;1;413;1415320;11;0;5;0;189
479;1;632;97808283;15;2;11;2;190
480;1;35;97808283;11;0;15;0;190
481;1;789;66777005;5;3;11;3;191
482;1;46;66777005;11;0;5;0;191
483;1;1084;16635727;14;2;15;2;192
484;1;1000;16635727;15;0;14;0;192
485;1;1015;49770391;12;2;13;2;193
486;1;447;49770391;13;0;12;0;193
487;1;702;3837117;7;3;9;3;194
488;1;808;3837117;9;0;7;0;194
489;1;232;13711865;7;1;4;1;195
490;1;458;13711865;4;0;7;0;195
491;1;56;14162130;15;2;7;2;196
492;1;1317;14162130;7;0;15;0;196
493;1;1145;56666277;2;1;1;1;197
494;1;936;56666277;1;0;2;0;197
495;1;761;42267930;15;1;7;1;198
496;1;247;42267930;7;0;15;0;198
497;1;1229;9338728;5;1;6;1;199
498;1;248;9338728;6;0;5;0;199
499;1;794;53854640;5;1;14;1;200
500;1;641;53854640;14;0;5;0;200
501;1;527;19749021;10;2;11;2;201
502;1;234;19749021;11;0;10;0;201
503;1;1029;67871470;8;1;2;1;202
504;1;90;67871470;2;0;8;0;202
505;1;1296;58683167;15;3;9;3;203
506;1;1211;58683167;9;0;15;0;203
507;1;1387;1603995;14;1;13;1;204
508;1;298;1603995;13;0;14;0;204
509;1;371;81130018;14;3;13;3;205
510;1;631;81130018;13;0;14;0;205
511;1;206;15034536;9;3;1;3;206
512;1;433;15034536;1;0;9;0;206
513;1;545;28888482;5;1;12;1;207
514;1;1124;28888482;12;0;5;0;207
515;1;614;37695686;6;3;5;3;208
516;1;282;37695686;5;0;6;0;208
517;1;304;13428973;5;3;6;3;209
518;1;355;13428973;6;0;5;0;209
519;1;1167;34228697;13;1;3;1;210
520;1;1361;34228697;3;0;13;0;210
521;1;1069;75055167;11;2;3;2;211
522;1;981;75055167;3;0;11;0;211
523;1;1379;28472373;4;1;12;1;212
524;1;675;28472373;12;0;4;0;212
525;1;1215;40999884;5;1;7;1;213
526;1;327;40999884;7;0;5;0;213
527;1;252;56684063;13;1;1;1;214
528;1;623;56684063;1;0;13;0;214
529;1;486;73021221;6;1;9;1;215
530;1;440;73021221;9;0;6;0;215
531;1;1214;90898473;4;2;1;2;216
532;1;539;90898473;1;0;4;0;216
533;1;679;33659947;12;1;7;1;217
534;1;866;33659947;7;0;12;0;217
535;1;1070;82328098;8;3;7;3;218
536;1;859;82328098;7;0;8;0;218
537;1;1105;55105994;9;3;15;3;219
538;1;1316;55105994;15;0;9;0;219
539;1;914;94142622;10;2;7;2;220
540;1;474;94142622;7;0;10;0;220
541;1;585;27507963;4;3;9;3;221
542;1;388;27507963;9;0;4;0;221
543;1;592;75196115;5;2;1;2;222
544;1;1207;75196115;1;0;5;0;222
545;1;73;79311962;13;1;10;1;223
546;1;1059;79311962;10;0;13;0;223
547;1;1234;37241839;9;2;2;2;224
548;1;33;37241839;2;0;9;0;224
549;1;582;66869434;13;1;10;1;225
550;1;1322;66869434;10;0;13;0;225
551;1;175;75343789;7;1;8;1;226
552;1;1019;75343789;8;0;7;0;226
553;1;472;84992055;1;2;10;2;227
554;1;541;84992055;10;0;1;0;227
555;1;852;13978200;8;1;7;1;228
556;1;83;13978200;7;0;8;0;228
557;1;190;27947587;10;3;5;3;229
558;1;71;27947587;5;0;10;0;229
559;1;1173;12584546;9;3;7;3;230
560;1;1056;12584546;7;0;9;0;230
561;1;755;81615701;6;2;1;2;231
562;1;170;81615701;1;0;6;0;231
563;1;1271;73052713;2;2;12;2;232
564;1;827;73052713;12;0;2;0;232
565;1;184;15308165;2;1;8;1;233
566;1;1371;15308165;8;0;2;0;233
567;1;1052;57260562;15;2;2;2;234
568;1;528;57260562;2;0;15;0;234
569;1;995;32701862;9;1;7;1;235
570;1;970;32701862;7;0;9;0;235
571;1;431;3140765;6;2;4;2;236
572;1;721;3140765;4;0;6;0;236
573;1;31;16645725;2;1;8;1;237
574;1;100;16645725;8;0;2;0;237
575;1;1348;41602208;10;3;14;3;238
576;1;888;41602208;14;0;10;0;238
577;1;1334;95116944;3;2;1;2;239
578;1;121;95116944;1;0;3;0;239
579;1;529;3530626;9;3;1;3;240
580;1;452;3530626;1;0;9;0;240
581;1;599;42290952;13;2;5;2;241
582;1;1266;42290952;5;0;13;0;241
583;1;1117;63820248;2;1;6;1;242
584;1;1364;63820248;6;0;2;0;242
585;1;196;52089702;8;1;7;1;243
586;1;51;52089702;7;0;8;0;243
587;1;1280;92058265;12;1;13;1;244
588;1;647;92058265;13;0;12;0;244
589;1;718;77745837;4;1;2;1;245
590;1;443;77745837;2;0;4;0;245
591;1;1412;87286272;1;2;4;2;246
592;1;932;87286272;4;0;1;0;246
593;1;1027;97357433;10;3;13;3;247
594;1;287;97357433;13;0;10;0;247
595;1;715;14767782;14;3;7;3;248
596;1;260;14767782;7;0;14;0;248
597;1;511;96659260;8;3;12;3;249
598;1;1293;96659260;12;0;8;0;249
599;1;798;92839233;3;1;15;1;250
600;1;894;92839233;15;0;3;0;250
601;1;803;1121031;15;2;8;2;251
602;1;1209;1121031;8;0;15;0;251
603;1;1436;57131912;9;3;6;3;252
604;1;1196;57131912;6;0;9;0;252
605;1;383;73571511;3;1;8;1;253
606;1;1048;73571511;8;0;3;0;253
607;1;119;73691093;4;3;11;3;254
608;1;1413;73691093;11;0;4;0;254
609;1;1151;60299511;4;3;12;3;255
610;1;482;60299511;12;0;4;0;255
611;1;365;16480177;10;1;4;1;256
612;1;849;16480177;4;0;10;0;256
613;1;749;63558861;1;1;5;1;257
614;1;151;63558861;5;0;1;0;257
615;1;308;66878003;13;3;5;3;258
616;1;758;66878003;5;0;13;0;258
617;1;1046;77559504;1;1;11;1;259
618;1;39;77559504;11;0;1;0;259
619;1;1275;77399969;15;3;1;3;260
620;1;623;77399969;1;0;15;0;260
621;1;745;3432237;13;2;8;2;261
622;1;1251;3432237;8;0;13;0;261
623;1;447;46853443;7;2;15;2;262
624;1;1427;46853443;15;0;7;0;262
625;1;1252;67463997;9;3;8;3;263
626;1;625;67463997;8;0;9;0;263
627;1;196;36451059;15;2;3;2;264
628;1;288;36451059;3;0;15;0;264
629;1;41;94063245;8;2;15;2;265
630;1;127;94063245;15;0;8;0;265
631;1;1385;10070989;8;3;14;3;266
632;1;1230;10070989;14;0;8;0;266
633;1;1303;26398074;12;3;4;3;267
634;1;302;26398074;4;0;12;0;267
635;1;477;60515596;8;1;14;1;268
636;1;1127;60515596;14;0;8;0;268
637;1;308;87781004;4;3;8;3;269
638;1;989;87781004;8;0;4;0;269
639;1;234;4680101;1;3;9;3;270
640;1;515;4680101;9;0;1;0;270
641;1;234;67264165;14;1;15;1;271
642;1;630;67264165;15;0;14;0;271
643;1;545;67423366;4;1;7;1;272
644;1;27;67423366;7;0;4;0;272
645;1;26;32011647;6;3;8;3;273
646;1;143;32011647;8;0;6;0;273
647;1;1317;39142477;5;1;10;1;274
648;1;867;39142477;10;0;5;0;274
649;1;363;52975975;10;1;14;1;275
650;1;62;52975975;14;0;10;0;275
651;1;22;28591839;1;2;13;2;276
652;1;1083;28591839;13;0;1;0;276
653;1;478;50330995;9;2;1;2;277
654;1;53;50330995;1;0;9;0;277
655;1;448;45932664;1;1;3;1;278
656;1;821;45932664;3;0;1;0;278
657;1;1260;79635839;1;1;5;1;279
658;1;58;79635839;5;0;1;0;279
659;1;129;56666513;6;1;12;1;280
660;1;257;56666513;12;0;6;0;280
661;1;36;34456675;14;1;11;1;281
662;1;443;34456675;11;0;14;0;281
663;1;998;50689364;1;3;3;3;282
664;1;3;50689364;3;0;1;0;282
665;1;585;89456812;13;1;3;1;283
666;1;1313;89456812;3;0;13;0;283
667;1;519;13700272;15;1;1;1;284
668;1;1239;13700272;1;0;15;0;284
669;1;766;17246156;15;1;8;1;285
670;1;430;17246156;8;0;15;0;285
671;1;471;75859927;8;3;13;3;286
672;1;387;75859927;13;0;8;0;286
673;1;1133;32058555;4;3;6;3;287
674;1;98;32058555;6;0;4;0;287
675;1;1100;93815284;6;2;10;2;288
676;1;788;93815284;10;0;6;0;288
677;1;33;73815473;3;2;5;2;289
678;1;1419;73815473;5;0;3;0;289
679;1;1254;15353981;7;1;11;1;290
680;1;871;15353981;11;0;7;0;290
681;1;428;97431204;1;1;3;1;291
682;1;1425;97431204;3;0;1;0;291
683;1;130;12678909;2;3;14;3;292
684;1;1394;12678909;14;0;2;0;292
685;1;878;71793649;2;3;13;3;293
686;1;1126;71793649;13;0;2;0;293
687;1;1008;48741505;14;3;7;3;294
688;1;794;48741505;7;0;14;0;294
689;1;1086;48455933;12;3;3;3;295
690;1;937;48455933;3;0;12;0;295
691;1;770;14583152;4;2;10;2;296
692;1;453;14583152;10;0;4;0;296
693;1;969;34029005;1;2;4;2;297
694;1;1111;34029005;4;0;1;0;297
695;1;19;62589331;6;3;2;3;298
696;1;391;62589331;2;0;6;0;298
697;1;753;23771864;12;2;1;2;299
698;1;199;23771864;1;0;12;0;299
699;1;45;4446623;3;1;7;1;300
700;1;789;4446623;7;0;3;0;300
701;1;484;53492943;4;1;14;1;301
702;1;93;53492943;14;0;4;0;301
703;1;1108;75882179;15;1;10;1;302
704;1;470;75882179;10;0;15;0;302
705;1;1130;20404571;11;1;14;1;303
706;1;624;20404571;14;0;11;0;303
707;1;1403;5731706;6;3;11;3;304
708;1;1209;5731706;11;0;6;0;304
709;1;1146;87759230;10;1;9;1;305
710;1;995;87759230;9;0;10;0;305
711;1;433;17491660;13;1;6;1;306
712;1;1213;17491660;6;0;13;0;306
713;1;535;4333796;6;1;8;1;307
714;1;91;4333796;8;0;6;0;307
715;1;217;49755163;5;3;14;3;308
716;1;309;49755163;14;0;5;0;308
717;1;996;32323907;13;1;8;1;309
718;1;470;32323907;8;0;13;0;309
719;1;21;24363804;3;2;2;2;310
720;1;1052;24363804;2;0;3;0;310
721;1;114;51976107;5;2;10;2;311
722;1;633;51976107;10;0;5;0;311
723;1;1338;27657588;6;2;4;2;312
724;1;494;27657588;4;0;6;0;312
725;1;209;42988215;15;1;3;1;313
726;1;1133;42988215;3;0;15;0;313
727;1;1256;36753079;12;2;1;2;314
728;1;1233;36753079;1;0;12;0;314
729;1;705;28353536;6;1;12;1;315
730;1;1360;28353536;12;0;6;0;315
731;1;1238;60346196;12;3;5;3;316
732;1;88;60346196;5;0;12;0;316
733;1;1330;71327476;4;3;9;3;317
734;1;68;71327476;9;0;4;0;317
735;1;757;87022088;4;2;6;2;318
736;1;1368;87022088;6;0;4;0;318
737;1;106;34320752;2;2;12;2;319
738;1;1134;34320752;12;0;2;0;319
739;1;186;97630971;14;1;1;1;320
740;1;92;97630971;1;0;14;0;320
741;1;1112;85134190;2;1;11;1;321
742;1;63;85134190;11;0;2;0;321
743;1;1405;6807238;10;2;15;2;322
744;1;1011;6807238;15;0;10;0;322
745;1;1424;51083764;6;1;8;1;323
746;1;1388;51083764;8;0;6;0;323
747;1;83;65305838;4;3;1;3;324
748;1;231;65305838;1;0;4;0;324
749;1;571;92021955;10;1;15;1;325
750;1;1274;92021955;15;0;10;0;325
751;1;1164;31060624;8;1;9;1;326
752;1;676;31060624;9;0;8;0;326
753;1;1006;1961219;11;1;5;1;327
754;1;1258;1961219;5;0;11;0;327
755;1;563;45766829;2;3;6;3;328
756;1;1159;45766829;6;0;2;0;328
757;1;725;97991544;15;1;12;1;329
758;1;224;97991544;12;0;15;0;329
759;1;258;99621355;7;3;9;3;330
760;1;146;99621355;9;0;7;0;330
761;1;282;98641646;15;1;14;1;331
762;1;596;98641646;14;0;15;0;331
763;1;826;12960739;10;2;9;2;332
764;1;1243;12960739;9;0;10;0;332
765;1;1089;39592883;2;2;8;2;333
766;1;593;39592883;8;0;2;0;333
767;1;620;52706997;11;1;8;1;334
768;1;452;52706997;8;0;11;0;334
769;1;705;11702573;12;1;7;1;335
770;1;461;11702573;7;0;12;0;335
771;1;240;98182554;11;1;8;1;336
772;1;466;98182554;8;0;11;0;336
773;1;296;61685322;2;2;6;2;337
774;1;929;61685322;6;0;2;0;337
775;1;573;30489559;1;2;13;2;338
776;1;1269;30489559;13;0;1;0;338
777;1;379;49252223;6;2;10;2;339
778;1;1171;49252223;10;0;6;0;339
779;1;549;78190618;12;3;14;3;340
780;1;319;78190618;14;0;12;0;340
781;1;1433;56203811;2;3;11;3;341
782;1;1071;56203811;11;0;2;0;341
783;1;227;52636064;7;2;8;2;342
784;1;52;52636064;8;0;7;0;342
785;1;870;97189280;13;1;2;1;343
786;1;895;97189280;2;0;13;0;343
787;1;145;31398029;15;2;3;2;344
788;1;384;31398029;3;0;15;0;344
789;1;1188;13364212;5;1;6;1;345
790;1;1332;13364212;6;0;5;0;345
791;1;453;7776821;10;1;9;1;346
792;1;1241;7776821;9;0;10;0;346
793;1;824;22401331;3;3;9;3;347
794;1;1056;22401331;9;0;3;0;347
795;1;1327;81665622;9;1;7;1;348
796;1;679;81665622;7;0;9;0;348
797;1;1312;37610991;8;1;11;1;349
798;1;267;37610991;11;0;8;0;349
799;1;546;11223325;8;1;4;1;350
800;1;143;11223325;4;0;8;0;350
801;1;822;10670547;1;1;5;1;351
802;1;1337;10670547;5;0;1;0;351
803;1;199;5609422;5;1;7;1;352
804;1;303;5609422;7;0;5;0;352
805;1;486;25327774;3;3;10;3;353
806;1;444;25327774;10;0;3;0;353
807;1;832;15137565;7;2;8;2;354
808;1;862;15137565;8;0;7;0;354
809;1;1077;42626943;3;3;8;3;355
810;1;1124;42626943;8;0;3;0;355
811;1;1380;59684156;4;1;7;1;356
812;1;1190;59684156;7;0;4;0;356
813;1;302;55510277;12;3;11;3;357
814;1;1180;55510277;11;0;12;0;357
815;1;276;26408731;2;1;11;1;358
816;1;336;26408731;11;0;2;0;358
817;1;197;92008843;8;1;10;1;359
818;1;524;92008843;10;0;8;0;359
819;1;1286;10564834;5;2;13;2;360
820;1;968;10564834;13;0;5;0;360
821;1;974;58107015;11;2;12;2;361
822;1;1375;58107015;12;0;11;0;361
823;1;962;57430328;6;1;9;1;362
824;1;926;57430328;9;0;6;0;362
825;1;285;60590573;2;1;13;1;363
826;1;83;60590573;13;0;2;0;363
827;1;792;19947297;12;1;15;1;364
828;1;754;19947297;15;0;12;0;364
829;1;460;49819518;13;2;2;2;365
830;1;1167;49819518;2;0;13;0;365
831;1;724;72034730;4;3;1;3;366
832;1;779;72034730;1;0;4;0;366
833;1;539;90683682;9;2;3;2;367
834;1;1328;90683682;3;0;9;0;367
835;1;815;96386922;3;1;2;1;368
836;1;49;96386922;2;0;3;0;368
837;1;162;66908580;3;1;2;1;369
838;1;714;66908580;2;0;3;0;369
839;1;882;96564838;4;2;7;2;370
840;1;919;96564838;7;0;4;0;370
841;1;71;76397850;9;1;12;1;371
842;1;854;76397850;12;0;9;0;371
843;1;1068;78828459;15;2;14;2;372
844;1;1005;78828459;14;0;15;0;372
845;1;968;20431607;6;1;13;1;373
846;1;1052;20431607;13;0;6;0;373
847;1;1173;28036720;12;3;9;3;374
848;1;962;28036720;9;0;12;0;374
849;1;688;89067327;2;2;14;2;375
850;1;985;89067327;14;0;2;0;375
851;1;1334;50519365;11;2;12;2;376
852;1;207;50519365;12;0;11;0;376
853;1;143;87992162;4;2;6;2;377
854;1;1282;87992162;6;0;4;0;377
855;1;754;2618829;11;1;15;1;378
856;1;921;2618829;15;0;11;0;378
857;1;1011;75018525;8;3;10;3;379
858;1;61;75018525;10;0;8;0;379
859;1;1359;43968899;1;2;12;2;380
860;1;1092;43968899;12;0;1;0;380
861;1;66;34670510;10;3;1;3;381
862;1;1137;34670510;1;0;10;0;381
863;1;971;31614984;6;3;9;3;382
864;1;1416;31614984;9;0;6;0;382
865;1;120;14026367;10;3;8;3;383
866;1;1150;14026367;8;0;10;0;383
867;1;1084;99859270;6;3;3;3;384
868;1;1117;99859270;3;0;6;0;384
869;1;520;75403082;4;1;8;1;385
870;1;1181;75403082;8;0;4;0;385
871;1;934;92727109;10;1;5;1;386
872;1;675;92727109;5;0;10;0;386
873;1;40;47857591;13;2;14;2;387
874;1;774;47857591;14;0;13;0;387
875;1;1277;46295337;6;2;3;2;388
876;1;1040;46295337;3;0;6;0;388
877;1;100;12029820;5;3;12;3;389
878;1;1016;12029820;12;0;5;0;389
879;1;1121;34308519;14;1;15;1;390
880;1;594;34308519;15;0;14;0;390
881;1;794;75819589;7;2;8;2;391
882;1;139;75819589;8;0;7;0;391
883;1;1303;54132093;2;3;8;3;392
884;1;6;54132093;8;0;2;0;392
885;1;1026;46716652;15;1;2;1;393
886;1;919;46716652;2;0;15;0;393
887;1;750;2782870;11;2;10;2;394
888;1;831;2782870;10;0;11;0;394
889;1;1254;73429723;10;2;7;2;395
890;1;224;73429723;7;0;10;0;395
891;1;1350;78686403;15;2;3;2;396
892;1;431;78686403;3;0;15;0;396
893;1;1007;80457984;7;1;15;1;397
894;1;1062;80457984;15;0;7;0;397
895;1;783;79742676;15;2;8;2;398
896;1;596;79742676;8;0;15;0;398
897;1;12;54610343;15;3;11;3;399
898;1;247;54610343;11;0;15;0;399
899;1;27;10431815;7;3;4;3;400
900;1;119;10431815;4;0;7;0;400
901;1;950;69206816;10;1;15;1;401
902;1;254;69206816;15;0;10;0;401
903;1;278;32407970;7;2;13;2;402
904;1;866;32407970;13;0;7;0;402
905;1;419;56021600;5;1;10;1;403
906;1;1424;56021600;10;0;5;0;403
907;1;1247;54156933;7;1;2;1;404
908;1;86;54156933;2;0;7;0;404
909;1;1440;14125236;9;2;2;2;405
910;1;532;14125236;2;0;9;0;405
911;1;352;39684460;3;2;10;2;406
912;1;500;39684460;10;0;3;0;406
913;1;366;4156137;5;2;14;2;407
914;1;348;4156137;14;0;5;0;407
915;1;1135;18242932;3;2;6;2;408
916;1;533;18242932;6;0;3;0;408
917;1;1270;74490673;9;2;10;2;409
918;1;387;74490673;10;0;9;0;409
919;1;115;75847804;5;2;11;2;410
920;1;308;75847804;11;0;5;0;410
921;1;527;64334332;1;1;13;1;411
922;1;1177;64334332;13;0;1;0;411
923;1;1272;71697091;1;1;8;1;412
924;1;187;71697091;8;0;1;0;412
925;1;295;60171548;15;2;14;2;413
926;1;1376;60171548;14;0;15;0;413
927;1;401;55057978;6;2;2;2;414
928;1;474;55057978;2;0;6;0;414
929;1;1393;2276875;12;2;2;2;415
930;1;532;2276875;2;0;12;0;415
931;1;1073;81995422;12;1;14;1;416
932;1;1243;81995422;14;0;12;0;416
933;1;508;62105980;14;3;6;3;417
934;1;891;62105980;6;0;14;0;417
935;1;305;64832604;2;1;14;1;418
936;1;1240;64832604;14;0;2;0;418
937;1;70;25704949;1;3;8;3;419
938;1;1362;25704949;8;0;1;0;419
939;1;676;57613430;7;1;15;1;420
940;1;1420;57613430;15;0;7;0;420
941;1;350;3121978;13;1;11;1;421
942;1;1092;3121978;11;0;13;0;421
943;1;406;41108260;10;3;1;3;422
944;1;873;41108260;1;0;10;0;422
945;1;196;45145420;3;2;13;2;423
946;1;673;45145420;13;0;3;0;423
947;1;859;72026566;9;2;10;2;424
948;1;567;72026566;10;0;9;0;424
949;1;1320;77568038;7;1;11;1;425
950;1;945;77568038;11;0;7;0;425
951;1;1047;41145225;14;2;8;2;426
952;1;206;41145225;8;0;14;0;426
953;1;1299;70398069;5;2;13;2;427
954;1;1344;70398069;13;0;5;0;427
955;1;1094;46861252;9;1;12;1;428
956;1;917;46861252;12;0;9;0;428
957;1;355;24652871;4;3;14;3;429
958;1;1120;24652871;14;0;4;0;429
959;1;266;53548803;11;2;15;2;430
960;1;143;53548803;15;0;11;0;430
961;1;511;56621707;10;3;12;3;431
962;1;1402;56621707;12;0;10;0;431
963;1;534;61677675;9;2;6;2;432
964;1;716;61677675;6;0;9;0;432
965;1;1238;80342252;15;2;11;2;433
966;1;288;80342252;11;0;15;0;433
967;1;1149;9140360;15;3;2;3;434
968;1;420;9140360;2;0;15;0;434
969;1;337;2953922;15;2;14;2;435
970;1;827;2953922;14;0;15;0;435
971;1;852;11385342;14;1;11;1;436
972;1;788;11385342;11;0;14;0;436
973;1;440;4056630;2;2;4;2;437
974;1;861;4056630;4;0;2;0;437
975;1;350;9391481;7;2;5;2;438
976;1;504;9391481;5;0;7;0;438
977;1;22;27932743;13;3;4;3;439
978;1;728;27932743;4;0;13;0;439
979;1;180;15725414;1;3;14;3;440
980;1;508;15725414;14;0;1;0;440
981;1;1193;18207085;4;2;1;2;441
982;1;1018;18207085;1;0;4;0;441
983;1;390;39953502;8;2;14;2;442
984;1;1076;39953502;14;0;8;0;442
985;1;833;72794768;10;3;11;3;443
986;1;1134;72794768;11;0;10;0;443
987;1;700;59123007;15;2;8;2;444
988;1;176;59123007;8;0;15;0;444
989;1;1420;65989482;1;3;8;3;445
990;1;75;65989482;8;0;1;0;445
991;1;108;11429359;10;1;8;1;446
992;1;1427;11429359;8;0;10;0;446
993;1;1109;56784729;15;3;8;3;447
994;1;181;56784729;8;0;15;0;447
995;1;590;50446278;5;1;13;1;448
996;1;258;50446278;13;0;5;0;448
997;1;1001;68420553;10;3;6;3;449
998;1;763;68420553;6;0;10;0;449
999;1;880;43103781;6;2;13;2;450
1000;1;800;43103781;13;0;6;0;450
1001;1;1429;85323735;11;1;8;1;451
1002;1;1169;85323735;8;0;11;0;451
1003;1;949;88420378;15;1;9;1;452
1004;1;1408;88420378;9;0;15;0;452
1005;1;1100;47948699;11;2;9;2;453
1006;1;854;47948699;9;0;11;0;453
1007;1;721;82598093;10;1;14;1;454
1008;1;1025;82598093;14;0;10;0;454
1009;1;357;44339451;13;3;2;3;455
1010;1;1336;44339451;2;0;13;0;455
1011;1;999;70969426;6;3;7;3;456
1012;1;999;70969426;7;0;6;0;456
1013;1;923;67792509;12;3;10;3;457
1014;1;740;67792509;10;0;12;0;457
1015;1;556;88557731;4;3;1;3;458
1016;1;201;88557731;1;0;4;0;458
1017;1;1238;22077300;7;3;15;3;459
1018;1;472;22077300;15;0;7;0;459
1019;1;13;69800424;9;1;3;1;460
1020;1;271;69800424;3;0;9;0;460
1021;1;450;17372178;4;2;9;2;461
1022;1;1256;17372178;9;0;4;0;461
1023;1;748;86821845;2;3;12;3;462
1024;1;875;86821845;12;0;2;0;462
1025;1;1405;46264710;5;3;13;3;463
1026;1;210;46264710;13;0;5;0;463
1027;1;1278;68647413;10;2;4;2;464
1028;1;1012;68647413;4;0;10;0;464
1029;1;505;14926653;2;2;9;2;465
1030;1;797;14926653;9;0;2;0;465
1031;1;972;51466644;8;2;13;2;466
1032;1;1258;51466644;13;0;8;0;466
1033;1;1051;9525526;4;1;5;1;467
1034;1;1400;9525526;5;0;4;0;467
1035;1;278;46425524;2;1;4;1;468
1036;1;1246;46425524;4;0;2;0;468
1037;1;768;68963008;8;1;15;1;469
1038;1;827;68963008;15;0;8;0;469
1039;1;344;67747901;14;2;5;2;470
1040;1;33;67747901;5;0;14;0;470
1041;1;1325;57138371;12;2;15;2;471
1042;1;854;57138371;15;0;12;0;471
1043;1;1212;647283;5;2;10;2;472
1044;1;1440;647283;10;0;5;0;472
1045;1;456;54723325;7;3;15;3;473
1046;1;1225;54723325;15;0;7;0;473
1047;1;1041;80692468;10;1;4;1;474
1048;1;893;80692468;4;0;10;0;474
1049;1;482;60541872;12;1;10;1;475
1050;1;302;60541872;10;0;12;0;475
1051;1;652;24896503;13;3;6;3;476
1052;1;520;24896503;6;0;13;0;476
1053;1;678;5147772;14;3;8;3;477
1054;1;698;5147772;8;0;14;0;477
1055;1;165;89257263;7;1;1;1;478
1056;1;28;89257263;1;0;7;0;478
1057;1;626;58641729;3;2;14;2;479
1058;1;798;58641729;14;0;3;0;479
1059;1;571;15493747;3;3;1;3;480
1060;1;19;15493747;1;0;3;0;480
1061;1;668;49583609;2;2;14;2;481
1062;1;1182;49583609;14;0;2;0;481
1063;1;47;7522173;3;3;2;3;482
1064;1;815;7522173;2;0;3;0;482
1065;1;914;6194673;13;3;10;3;483
1066;1;192;6194673;10;0;13;0;483
1067;1;380;21846574;8;3;6;3;484
1068;1;1365;21846574;6;0;8;0;484
1069;1;899;30549587;10;3;4;3;485
1070;1;143;30549587;4;0;10;0;485
1071;1;1207;8894967;9;2;2;2;486
1072;1;1232;8894967;2;0;9;0;486
1073;1;1213;88853962;10;2;11;2;487
1074;1;269;88853962;11;0;10;0;487
1075;1;439;93019920;7;3;9;3;488
1076;1;1026;93019920;9;0;7;0;488
1077;1;440;81826230;2;3;6;3;489
1078;1;994;81826230;6;0;2;0;489
1079;1;477;82955155;12;1;14;1;490
1080;1;719;82955155;14;0;12;0;490
1081;1;855;52357873;8;2;6;2;491
1082;1;1201;52357873;6;0;8;0;491
1083;1;583;44927303;15;3;3;3;492
1084;1;706;44927303;3;0;15;0;492
1085;1;1230;53360365;13;2;15;2;493
1086;1;217;53360365;15;0;13;0;493
1087;1;1002;47055721;7;1;2;1;494
1088;1;557;47055721;2;0;7;0;494
1089;1;1278;78727416;9;3;11;3;495
1090;1;814;78727416;11;0;9;0;495
1091;1;643;33001698;9;1;5;1;496
1092;1;224;33001698;5;0;9;0;496
1093;1;630;78222497;13;3;8;3;497
1094;1;1;78222497;8;0;13;0;497
1095;1;215;22129842;1;3;8;3;498
1096;1;99;22129842;8;0;1;0;498
1097;1;511;10949965;14;3;8;3;499
1098;1;562;10949965;8;0;14;0;499
1099;1;1439;39363277;7;2;14;2;500
1100;1;391;39363277;14;0;7;0;500
1101;1;971;69429408;6;1;14;1;501
1102;1;550;69429408;14;0;6;0;501
1103;1;13;15014335;15;2;7;2;502
1104;1;137;15014335;7;0;15;0;502
1105;1;86;90338725;8;2;10;2;503
1106;1;1383;90338725;10;0;8;0;503
1107;1;485;34028506;9;1;4;1;504
1108;1;873;34028506;4;0;9;0;504
1109;1;830;56070681;6;1;3;1;505
1110;1;555;56070681;3;0;6;0;505
1111;1;1254;58812996;2;2;12;2;506
1112;1;841;58812996;12;0;2;0;506
1113;1;572;72996597;3;3;8;3;507
1114;1;16;72996597;8;0;3;0;507
1115;1;1175;86870702;12;3;11;3;508
1116;1;1318;86870702;11;0;12;0;508
1117;1;692;96217270;15;3;7;3;509
1118;1;594;96217270;7;0;15;0;509
1119;1;1411;90599110;6;3;10;3;510
1120;1;861;90599110;10;0;6;0;510
1121;1;654;89821192;3;2;12;2;511
1122;1;1198;89821192;12;0;3;0;511
1123;1;775;59497173;1;1;4;1;512
1124;1;1009;59497173;4;0;1;0;512
1125;1;130;83861071;3;2;6;2;513
1126;1;757;83861071;6;0;3;0;513
1127;1;10;91398544;1;1;11;1;514
1128;1;981;91398544;11;0;1;0;514
1129;1;1243;63769372;1;1;8;1;515
1130;1;60;63769372;8;0;1;0;515
1131;1;357;33732530;10;2;5;2;516
1132;1;105;33732530;5;0;10;0;516
1133;1;126;27858733;7;3;15;3;517
1134;1;1177;27858733;15;0;7;0;517
1135;1;1274;38156536;3;2;15;2;518
1136;1;118;38156536;15;0;3;0;518
1137;1;609;68255514;5;2;15;2;519
1138;1;641;68255514;15;0;5;0;519
1139;1;1171;97585985;2;3;11;3;520
1140;1;1203;97585985;11;0;2;0;520
1141;1;1054;3499086;14;1;13;1;521
1142;1;864;3499086;13;0;14;0;521
1143;1;975;17098218;1;2;13;2;522
1144;1;1430;17098218;13;0;1;0;522
1145;1;1358;85653374;1;3;9;3;523
1146;1;993;85653374;9;0;1;0;523
1147;1;144;64318212;14;1;9;1;524
1148;1;627;64318212;9;0;14;0;524
1149;1;462;82081897;2;1;5;1;525
1150;1;283;82081897;5;0;2;0;525
1151;1;925;10328474;4;3;1;3;526
1152;1;55;10328474;1;0;4;0;526
1153;1;743;41085403;11;3;1;3;527
1154;1;478;41085403;1;0;11;0;527
1155;1;77;66849620;5;1;10;1;528
1156;1;1176;66849620;10;0;5;0;528
1157;1;448;30765732;11;1;8;1;529
1158;1;1099;30765732;8;0;11;0;529
1159;1;356;2160980;14;3;6;3;530
1160;1;1059;2160980;6;0;14;0;530
1161;1;1042;34078740;5;2;12;2;531
1162;1;924;34078740;12;0;5;0;531
1163;1;1248;68766605;6;3;14;3;532
1164;1;1171;68766605;14;0;6;0;532
1165;1;932;35727118;1;3;5;3;533
1166;1;1317;35727118;5;0;1;0;533
1167;1;33;56635453;8;2;15;2;534
1168;1;158;56635453;15;0;8;0;534
1169;1;1289;4800359;1;1;13;1;535
1170;1;1291;4800359;13;0;1;0;535
1171;1;107;90852463;8;3;11;3;536
1172;1;316;90852463;11;0;8;0;536
1173;1;644;84451116;7;3;2;3;537
1174;1;533;84451116;2;0;7;0;537
1175;1;730;64661836;7;3;4;3;538
1176;1;733;64661836;4;0;7;0;538
1177;1;543;27891101;9;1;15;1;539
1178;1;1347;27891101;15;0;9;0;539
1179;1;1440;52552213;12;3;14;3;540
1180;1;647;52552213;14;0;12;0;540
1181;1;530;97090955;15;3;10;3;541
1182;1;405;97090955;10;0;15;0;541
1183;1;309;90440086;7;3;3;3;542
1184;1;341;90440086;3;0;7;0;542
1185;1;929;52633759;3;1;5;1;543
1186;1;654;52633759;5;0;3;0;543
1187;1;149;52043227;4;2;3;2;544
1188;1;39;52043227;3;0;4;0;544
1189;1;816;27556867;14;2;8;2;545
1190;1;203;27556867;8;0;14;0;545
1191;1;403;42142153;9;1;7;1;546
1192;1;963;42142153;7;0;9;0;546
1193;1;904;8823995;13;2;14;2;547
1194;1;1230;8823995;14;0;13;0;547
1195;1;1074;1048382;7;3;11;3;548
1196;1;565;1048382;11;0;7;0;548
1197;1;1283;66709511;15;1;13;1;549
1198;1;721;66709511;13;0;15;0;549
1199;1;1199;7992788;11;2;3;2;550
1200;1;348;7992788;3;0;11;0;550
1201;1;1329;99216411;4;1;7;1;551
1202;1;1272;99216411;7;0;4;0;551
1203;1;1318;21496631;11;2;5;2;552
1204;1;717;21496631;5;0;11;0;552
1205;1;340;95978514;14;3;15;3;553
1206;1;409;95978514;15;0;14;0;553
1207;1;1084;98083685;1;1;10;1;554
1208;1;72;98083685;10;0;1;0;554
1209;1;647;46341159;11;3;14;3;555
1210;1;403;46341159;14;0;11;0;555
1211;1;1225;44308828;1;2;12;2;556
1212;1;327;44308828;12;0;1;0;556
1213;1;760;60788670;11;3;2;3;557
1214;1;51;60788670;2;0;11;0;557
1215;1;422;4462778;5;2;6;2;558
1216;1;69;4462778;6;0;5;0;558
1217;1;235;27773617;12;2;10;2;559
1218;1;23;27773617;10;0;12;0;559
1219;1;743;88844777;7;2;14;2;560
1220;1;1083;88844777;14;0;7;0;560
1221;1;123;71696029;10;1;14;1;561
1222;1;427;71696029;14;0;10;0;561
1223;1;546;48570432;3;1;4;1;562
1224;1;1425;48570432;4;0;3;0;562
1225;1;892;23268571;11;3;13;3;563
1226;1;161;23268571;13;0;11;0;563
1227;1;520;73319816;1;2;6;2;564
1228;1;148;73319816;6;0;1;0;564
1229;1;686;25546503;12;2;9;2;565
1230;1;297;25546503;9;0;12;0;565
1231;1;776;98017909;3;2;11;2;566
1232;1;171;98017909;11;0;3;0;566
1233;1;1212;11571385;9;2;3;2;567
1234;1;1056;11571385;3;0;9;0;567
1235;1;144;32874855;13;2;10;2;568
1236;1;1316;32874855;10;0;13;0;568
1237;1;611;30717019;13;1;1;1;569
1238;1;251;30717019;1;0;13;0;569
1239;1;865;14564015;3;2;6;2;570
1240;1;84;14564015;6;0;3;0;570
1241;1;449;88569027;14;3;9;3;571
1242;1;988;88569027;9;0;14;0;571
1243;1;521;44515475;4;3;8;3;572
1244;1;1391;44515475;8;0;4;0;572
1245;1;396;80611870;5;1;2;1;573
1246;1;81;80611870;2;0;5;0;573
1247;1;602;77359344;15;3;13;3;574
1248;1;1020;77359344;13;0;15;0;574
1249;1;457;13003473;14;1;11;1;575
1250;1;481;13003473;11;0;14;0;575
1251;1;1436;62053343;1;3;14;3;576
1252;1;256;62053343;14;0;1;0;576
1253;1;35;72223307;1;3;3;3;577
1254;1;244;72223307;3;0;1;0;577
1255;1;412;470232;6;1;5;1;578
1256;1;202;470232;5;0;6;0;578
1257;1;633;93898197;1;3;5;3;579
1258;1;194;93898197;5;0;1;0;579
1259;1;224;77358911;2;1;11;1;580
1260;1;458;77358911;11;0;2;0;580
1261;1;1344;99484198;9;3;3;3;581
1262;1;882;99484198;3;0;9;0;581
1263;1;94;24701150;15;2;8;2;582
1264;1;439;24701150;8;0;15;0;582
1265;1;388;20875765;7;1;11;1;583
1266;1;1197;20875765;11;0;7;0;583
1267;1;478;20459821;9;3;1;3;584
1268;1;524;20459821;1;0;9;0;584
1269;1;431;54589278;8;3;5;3;585
1270;1;5;54589278;5;0;8;0;585
1271;1;330;70183594;14;1;9;1;586
1272;1;1067;70183594;9;0;14;0;586
1273;1;232;65569045;14;1;3;1;587
1274;1;1332;65569045;3;0;14;0;587
1275;1;1166;53414808;15;3;3;3;588
1276;1;53;53414808;3;0;15;0;588
1277;1;632;57307454;8;3;3;3;589
1278;1;1297;57307454;3;0;8;0;589
1279;1;127;70242152;11;3;12;3;590
1280;1;637;70242152;12;0;11;0;590
1281;1;902;30881207;15;2;3;2;591
1282;1;834;30881207;3;0;15;0;591
1283;1;840;13511161;7;3;13;3;592
1284;1;1056;13511161;13;0;7;0;592
1285;1;196;71342543;14;3;13;3;593
1286;1;1338;71342543;13;0;14;0;593
1287;1;771;98527151;10;3;2;3;594
1288;1;1160;98527151;2;0;10;0;594
1289;1;520;41116565;14;1;3;1;595
1290;1;1275;41116565;3;0;14;0;595
1291;1;774;10530375;2;2;1;2;596
1292;1;593;10530375;1;0;2;0;596
1293;1;1004;42522514;2;2;13;2;597
1294;1;807;42522514;13;0;2;0;597
1295;1;911;27472693;15;2;12;2;598
1296;1;352;27472693;12;0;15;0;598
1297;1;73;83943782;7;3;1;3;599
1298;1;1424;83943782;1;0;7;0;599
1299;1;714;73457189;8;1;4;1;600
1300;1;316;73457189;4;0;8;0;600
1301;1;269;17941200;3;1;1;1;601
1302;1;1194;17941200;1;0;3;0;601
1303;1;883;707841;7;2;15;2;602
1304;1;1402;707841;15;0;7;0;602
1305;1;783;63663700;5;3;7;3;603
1306;1;1214;63663700;7;0;5;0;603
1307;1;1357;19559738;10;3;11;3;604
1308;1;153;19559738;11;0;10;0;604
1309;1;131;97205431;7;3;4;3;605
1310;1;165;97205431;4;0;7;0;605
1311;1;491;41980533;1;3;14;3;606
1312;1;520;41980533;14;0;1;0;606
1313;1;193;31110572;11;1;12;1;607
1314;1;50;31110572;12;0;11;0;607
1315;1;982;65809104;4;1;15;1;608
1316;1;358;65809104;15;0;4;0;608
1317;1;1390;53381672;10;3;6;3;609
1318;1;1372;53381672;6;0;10;0;609
1319;1;1329;7923474;8;2;14;2;610
1320;1;560;7923474;14;0;8;0;610
1321;1;487;88601401;1;1;13;1;611
1322;1;1171;88601401;13;0;1;0;611
1323;1;1108;66986356;5;3;15;3;612
1324;1;381;66986356;15;0;5;0;612
1325;1;48;16792779;7;3;15;3;613
1326;1;738;16792779;15;0;7;0;613
1327;1;782;34023355;3;2;6;2;614
1328;1;1350;34023355;6;0;3;0;614
1329;1;1414;21922440;14;2;4;2;615
1330;1;346;21922440;4;0;14;0;615
1331;1;393;94279832;3;2;1;2;616
1332;1;149;94279832;1;0;3;0;616
1333;1;244;73817158;2;1;8;1;617
1334;1;854;73817158;8;0;2;0;617
1335;1;813;54746943;5;2;8;2;618
1336;1;767;54746943;8;0;5;0;618
1337;1;1328;29591312;4;2;1;2;619
1338;1;539;29591312;1;0;4;0;619
1339;1;265;36616144;11;1;1;1;620
1340;1;261;36616144;1;0;11;0;620
1341;1;52;57993273;15;3;6;3;621
1342;1;155;57993273;6;0;15;0;621
1343;1;18;4535655;13;1;8;1;622
1344;1;263;4535655;8;0;13;0;622
1345;1;1140;33388129;4;3;12;3;623
1346;1;457;33388129;12;0;4;0;623
1347;1;672;24651457;2;3;3;3;624
1348;1;116;24651457;3;0;2;0;624
1349;1;705;98039308;1;3;12;3;625
1350;1;1050;98039308;12;0;1;0;625
1351;1;315;50075682;2;1;7;1;626
1352;1;278;50075682;7;0;2;0;626
1353;1;973;17983318;12;1;11;1;627
1354;1;1200;17983318;11;0;12;0;627
1355;1;654;55159117;10;3;14;3;628
1356;1;1436;55159117;14;0;10;0;628
1357;1;984;38253058;14;2;1;2;629
1358;1;1259;38253058;1;0;14;0;629
1359;1;865;21095329;4;3;14;3;630
1360;1;782;21095329;14;0;4;0;630
1361;1;721;76424066;8;2;13;2;631
1362;1;1155;76424066;13;0;8;0;631
1363;1;1089;16154545;15;1;3;1;632
1364;1;798;16154545;3;0;15;0;632
1365;1;884;5467925;1;3;8;3;633
1366;1;1173;5467925;8;0;1;0;633
1367;1;871;66771781;2;1;6;1;634
1368;1;672;66771781;6;0;2;0;634
1369;1;1279;58236827;6;3;5;3;635
1370;1;1344;58236827;5;0;6;0;635
1371;1;335;37183805;7;3;5;3;636
1372;1;1214;37183805;5;0;7;0;636
1373;1;406;96870641;9;2;1;2;637
1374;1;245;96870641;1;0;9;0;637
1375;1;224;45025358;8;1;6;1;638
1376;1;1346;45025358;6;0;8;0;638
1377;1;955;49057973;11;3;2;3;639
1378;1;641;49057973;2;0;11;0;639
1379;1;958;36080583;14;3;6;3;640
1380;1;1335;36080583;6;0;14;0;640
1381;1;186;80849256;11;3;12;3;641
1382;1;333;80849256;12;0;11;0;641
1383;1;614;9243201;5;1;6;1;642
1384;1;416;9243201;6;0;5;0;642
1385;1;242;50979580;11;1;15;1;643
1386;1;813;50979580;15;0;11;0;643
1387;1;1120;86213075;10;1;13;1;644
1388;1;896;86213075;13;0;10;0;644
1389;1;465;56605904;15;2;14;2;645
1390;1;368;56605904;14;0;15;0;645
1391;1;1296;14884656;9;2;4;2;646
1392;1;440;14884656;4;0;9;0;646
1393;1;579;80926624;2;1;13;1;647
1394;1;126;80926624;13;0;2;0;647
1395;1;790;18771944;10;3;4;3;648
1396;1;910;18771944;4;0;10;0;648
1397;1;164;89278023;8;3;14;3;649
1398;1;996;89278023;14;0;8;0;649
1399;1;475;10322844;2;2;7;2;650
1400;1;1262;10322844;7;0;2;0;650
1401;1;961;21883803;3;2;15;2;651
1402;1;650;21883803;15;0;3;0;651
1403;1;406;40210114;5;1;7;1;652
1404;1;509;40210114;7;0;5;0;652
1405;1;130;64499114;11;2;7;2;653
1406;1;494;64499114;7;0;11;0;653
1407;1;789;42699540;4;3;6;3;654
1408;1;598;42699540;6;0;4;0;654
1409;1;1169;39486045;10;2;2;2;655
1410;1;224;39486045;2;0;10;0;655
1411;1;399;74248349;13;3;15;3;656
1412;1;136;74248349;15;0;13;0;656
1413;1;136;58768209;7;1;10;1;657
1414;1;958;58768209;10;0;7;0;657
1415;1;1393;17146964;14;3;6;3;658
1416;1;1255;17146964;6;0;14;0;658
1417;1;928;75419214;2;3;9;3;659
1418;1;382;75419214;9;0;2;0;659
1419;1;954;13862431;6;3;13;3;660
1420;1;397;13862431;13;0;6;0;660
1421;1;9;41089606;14;1;2;1;661
1422;1;735;41089606;2;0;14;0;661
1423;1;992;73245297;12;3;13;3;662
1424;1;1107;73245297;13;0;12;0;662
1425;1;357;95454570;4;2;7;2;663
1426;1;247;95454570;7;0;4;0;663
1427;1;605;64762737;15;1;11;1;664
1428;1;336;64762737;11;0;15;0;664
1429;1;1018;77940773;10;1;4;1;665
1430;1;1409;77940773;4;0;10;0;665
1431;1;1249;26314830;5;3;13;3;666
1432;1;584;26314830;13;0;5;0;666
1433;1;344;46978384;11;3;4;3;667
1434;1;1357;46978384;4;0;11;0;667
1435;1;219;5005787;6;1;5;1;668
1436;1;883;5005787;5;0;6;0;668
1437;1;867;87866482;3;1;1;1;669
1438;1;56;87866482;1;0;3;0;669
1439;1;1000;51034486;10;2;14;2;670
1440;1;1326;51034486;14;0;10;0;670
1441;1;1250;74399884;11;2;4;2;671
1442;1;1269;74399884;4;0;11;0;671
1443;1;941;67557909;10;3;5;3;672
1444;1;277;67557909;5;0;10;0;672
1445;1;927;4453686;12;1;7;1;673
1446;1;734;4453686;7;0;12;0;673
1447;1;1365;22895762;13;2;6;2;674
1448;1;1308;22895762;6;0;13;0;674
1449;1;792;86912404;15;2;6;2;675
1450;1;1191;86912404;6;0;15;0;675
1451;1;261;19002568;6;1;11;1;676
1452;1;624;19002568;11;0;6;0;676
1453;1;667;95445145;11;1;8;1;677
1454;1;1140;95445145;8;0;11;0;677
1455;1;625;93528491;2;3;15;3;678
1456;1;1014;93528491;15;0;2;0;678
1457;1;313;32192576;13;2;12;2;679
1458;1;255;32192576;12;0;13;0;679
1459;1;1435;43166343;7;2;12;2;680
1460;1;1276;43166343;12;0;7;0;680
1461;1;487;38367789;14;2;3;2;681
1462;1;1366;38367789;3;0;14;0;681
1463;1;244;9233487;7;2;2;2;682
1464;1;1243;9233487;2;0;7;0;682
1465;1;839;44576481;1;1;13;1;683
1466;1;163;44576481;13;0;1;0;683
1467;1;603;29769975;9;2;12;2;684
1468;1;882;29769975;12;0;9;0;684
1469;1;1163;78410228;1;1;7;1;685
1470;1;1410;78410228;7;0;1;0;685
1471;1;209;6943373;9;3;8;3;686
1472;1;850;6943373;8;0;9;0;686
1473;1;1095;65333155;12;1;15;1;687
1474;1;1164;65333155;15;0;12;0;687
1475;1;560;55068099;2;3;5;3;688
1476;1;653;55068099;5;0;2;0;688
1477;1;1072;48676635;8;1;5;1;689
1478;1;888;48676635;5;0;8;0;689
1479;1;1424;75311037;4;1;12;1;690
1480;1;476;75311037;12;0;4;0;690
1481;1;322;32933691;14;2;7;2;691
1482;1;944;32933691;7;0;14;0;691
1483;1;945;95396390;10;1;11;1;692
1484;1;972;95396390;11;0;10;0;692
1485;1;312;82046091;3;2;15;2;693
1486;1;1227;82046091;15;0;3;0;693
1487;1;959;46310530;3;3;15;3;694
1488;1;1179;46310530;15;0;3;0;694
1489;1;995;28938707;3;2;6;2;695
1490;1;721;28938707;6;0;3;0;695
1491;1;1434;57733674;2;1;14;1;696
1492;1;232;57733674;14;0;2;0;696
1493;1;1412;20313643;10;2;11;2;697
1494;1;46;20313643;11;0;10;0;697
1495;1;806;39548268;13;1;4;1;698
1496;1;293;39548268;4;0;13;0;698
1497;1;881;86857369;12;1;8;1;699
1498;1;1266;86857369;8;0;12;0;699
1499;1;926;88211257;10;3;1;3;700
1500;1;1267;88211257;1;0;10;0;700
1501;1;688;27814452;4;2;15;2;701
1502;1;1396;27814452;15;0;4;0;701
1503;1;600;47633267;8;1;15;1;702
1504;1;992;47633267;15;0;8;0;702
1505;1;994;73059033;15;2;7;2;703
1506;1;166;73059033;7;0;15;0;703
1507;1;174;53153527;3;2;15;2;704
1508;1;1053;53153527;15;0;3;0;704
1509;1;616;6669027;7;3;5;3;705
1510;1;879;6669027;5;0;7;0;705
1511;1;187;62877718;3;3;11;3;706
1512;1;34;62877718;11;0;3;0;706
1513;1;870;85586772;7;3;4;3;707
1514;1;420;85586772;4;0;7;0;707
1515;1;884;3990143;8;1;5;1;708
1516;1;1044;3990143;5;0;8;0;708
1517;1;1001;58685982;11;3;5;3;709
1518;1;1264;58685982;5;0;11;0;709
1519;1;1285;77215469;10;3;11;3;710
1520;1;934;77215469;11;0;10;0;710
1521;1;130;40321206;8;2;9;2;711
1522;1;1307;40321206;9;0;8;0;711
1523;1;227;98983343;5;1;7;1;712
1524;1;761;98983343;7;0;5;0;712
1525;1;257;6441066;9;2;3;2;713
1526;1;1249;6441066;3;0;9;0;713
1527;1;873;1759245;10;3;1;3;714
1528;1;104;1759245;1;0;10;0;714
1529;1;924;69184090;9;1;14;1;715
1530;1;393;69184090;14;0;9;0;715
1531;1;952;78742360;10;2;15;2;716
1532;1;404;78742360;15;0;10;0;716
1533;1;907;78140197;7;2;2;2;717
1534;1;1183;78140197;2;0;7;0;717
1535;1;1241;99954909;6;1;12;1;718
1536;1;1114;99954909;12;0;6;0;718
1537;1;411;37566393;10;2;12;2;719
1538;1;353;37566393;12;0;10;0;719
1539;1;245;77316153;8;3;15;3;720
1540;1;807;77316153;15;0;8;0;720
1541;1;1333;75403158;8;2;11;2;721
1542;1;571;75403158;11;0;8;0;721
1543;1;931;94367607;11;1;1;1;722
1544;1;582;94367607;1;0;11;0;722
1545;1;314;46678860;2;1;1;1;723
1546;1;965;46678860;1;0;2;0;723
1547;1;1184;29474769;12;1;14;1;724
1548;1;288;29474769;14;0;12;0;724
1549;1;670;42589647;14;1;8;1;725
1550;1;766;42589647;8;0;14;0;725
1551;1;51;80278520;7;2;13;2;726
1552;1;19;80278520;13;0;7;0;726
1553;1;383;50364504;1;3;14;3;727
1554;1;1330;50364504;14;0;1;0;727
1555;1;1285;59009358;7;2;10;2;728
1556;1;1321;59009358;10;0;7;0;728
1557;1;1345;13734599;3;1;13;1;729
1558;1;1176;13734599;13;0;3;0;729
1559;1;161;93396237;10;2;7;2;730
1560;1;1278;93396237;7;0;10;0;730
1561;1;196;58828201;7;3;1;3;731
1562;1;390;58828201;1;0;7;0;731
1563;1;1001;15426151;1;2;6;2;732
1564;1;1089;15426151;6;0;1;0;732
1565;1;320;17039062;9;2;10;2;733
1566;1;6;17039062;10;0;9;0;733
1567;1;447;88669301;13;3;14;3;734
1568;1;141;88669301;14;0;13;0;734
1569;1;1406;73136259;13;2;12;2;735
1570;1;486;73136259;12;0;13;0;735
1571;1;1117;96275333;12;3;15;3;736
1572;1;1330;96275333;15;0;12;0;736
1573;1;1110;47508626;2;2;3;2;737
1574;1;1266;47508626;3;0;2;0;737
1575;1;815;3735086;8;3;14;3;738
1576;1;279;3735086;14;0;8;0;738
1577;1;592;50805844;14;3;2;3;739
1578;1;714;50805844;2;0;14;0;739
1579;1;621;71391772;1;3;4;3;740
1580;1;618;71391772;4;0;1;0;740
1581;1;1101;93170404;5;2;8;2;741
1582;1;595;93170404;8;0;5;0;741
1583;1;421;53659966;12;3;7;3;742
1584;1;1212;53659966;7;0;12;0;742
1585;1;999;25058748;5;1;10;1;743
1586;1;951;25058748;10;0;5;0;743
1587;1;915;78570402;14;3;15;3;744
1588;1;543;78570402;15;0;14;0;744
1589;1;101;80001714;5;1;14;1;745
1590;1;1161;80001714;14;0;5;0;745
1591;1;1439;43661668;5;2;13;2;746
1592;1;1083;43661668;13;0;5;0;746
1593;1;1196;1991643;9;1;14;1;747
1594;1;375;1991643;14;0;9;0;747
1595;1;1234;30336379;6;2;15;2;748
1596;1;978;30336379;15;0;6;0;748
1597;1;355;75766479;4;2;6;2;749
1598;1;1432;75766479;6;0;4;0;749
1599;1;474;2150731;15;1;3;1;750
1600;1;1266;2150731;3;0;15;0;750
1601;1;984;96438240;7;1;5;1;751
1602;1;192;96438240;5;0;7;0;751
1603;1;871;53756267;6;2;11;2;752
1604;1;57;53756267;11;0;6;0;752
1605;1;1420;25475806;7;1;1;1;753
1606;1;459;25475806;1;0;7;0;753
1607;1;789;73253140;2;2;14;2;754
1608;1;127;73253140;14;0;2;0;754
1609;1;1135;7586476;9;1;3;1;755
1610;1;376;7586476;3;0;9;0;755
1611;1;1198;84475778;9;1;4;1;756
1612;1;1168;84475778;4;0;9;0;756
1613;1;1243;93957659;6;3;5;3;757
1614;1;221;93957659;5;0;6;0;757
1615;1;1250;14239053;6;1;8;1;758
1616;1;1278;14239053;8;0;6;0;758
1617;1;743;22115412;2;3;15;3;759
1618;1;1339;22115412;15;0;2;0;759
1619;1;1139;83736986;7;3;11;3;760
1620;1;976;83736986;11;0;7;0;760
1621;1;941;68472779;10;3;1;3;761
1622;1;1199;68472779;1;0;10;0;761
1623;1;1184;3259172;10;2;6;2;762
1624;1;945;3259172;6;0;10;0;762
1625;1;633;30948344;15;1;2;1;763
1626;1;972;30948344;2;0;15;0;763
1627;1;978;52624453;3;3;11;3;764
1628;1;1122;52624453;11;0;3;0;764
1629;1;466;68709290;4;3;3;3;765
1630;1;1052;68709290;3;0;4;0;765
1631;1;846;97302563;5;1;15;1;766
1632;1;925;97302563;15;0;5;0;766
1633;1;908;35121228;9;3;12;3;767
1634;1;852;35121228;12;0;9;0;767
1635;1;1156;43814635;2;2;5;2;768
1636;1;686;43814635;5;0;2;0;768
1637;1;356;56843330;6;1;13;1;769
1638;1;525;56843330;13;0;6;0;769
1639;1;1118;19662019;12;2;3;2;770
1640;1;1165;19662019;3;0;12;0;770
1641;1;1344;92599123;12;1;6;1;771
1642;1;226;92599123;6;0;12;0;771
1643;1;625;71087642;13;1;5;1;772
1644;1;305;71087642;5;0;13;0;772
1645;1;1319;98609214;9;2;1;2;773
1646;1;1414;98609214;1;0;9;0;773
1647;1;160;39652954;1;1;5;1;774
1648;1;744;39652954;5;0;1;0;774
1649;1;1205;18531530;2;1;11;1;775
1650;1;707;18531530;11;0;2;0;775
1651;1;890;39005830;11;2;14;2;776
1652;1;825;39005830;14;0;11;0;776
1653;1;56;16037103;3;3;5;3;777
1654;1;577;16037103;5;0;3;0;777
1655;1;1286;65053310;4;3;3;3;778
1656;1;1091;65053310;3;0;4;0;778
1657;1;1115;68598460;1;3;10;3;779
1658;1;971;68598460;10;0;1;0;779
1659;1;420;94521721;7;3;1;3;780
1660;1;194;94521721;1;0;7;0;780
1661;1;437;69945178;15;2;3;2;781
1662;1;6;69945178;3;0;15;0;781
1663;1;1072;55678796;13;1;10;1;782
1664;1;1114;55678796;10;0;13;0;782
1665;1;1359;53515706;4;2;7;2;783
1666;1;1410;53515706;7;0;4;0;783
1667;1;466;4871206;9;3;15;3;784
1668;1;490;4871206;15;0;9;0;784
1669;1;1386;32594702;11;3;3;3;785
1670;1;305;32594702;3;0;11;0;785
1671;1;1286;95155763;12;1;1;1;786
1672;1;214;95155763;1;0;12;0;786
1673;1;71;15618537;14;3;13;3;787
1674;1;714;15618537;13;0;14;0;787
1675;1;1361;43263331;7;1;10;1;788
1676;1;1105;43263331;10;0;7;0;788
1677;1;180;55346030;4;1;1;1;789
1678;1;1349;55346030;1;0;4;0;789
1679;1;419;10507025;6;2;2;2;790
1680;1;1138;10507025;2;0;6;0;790
1681;1;102;42621852;4;1;9;1;791
1682;1;462;42621852;9;0;4;0;791
1683;1;1031;66421202;7;1;11;1;792
1684;1;719;66421202;11;0;7;0;792
1685;1;822;8637417;2;1;12;1;793
1686;1;744;8637417;12;0;2;0;793
1687;1;1433;84883705;10;2;15;2;794
1688;1;92;84883705;15;0;10;0;794
1689;1;1142;7710312;4;3;8;3;795
1690;1;1390;7710312;8;0;4;0;795
1691;1;139;42828950;13;1;4;1;796
1692;1;531;42828950;4;0;13;0;796
1693;1;190;73489077;3;1;15;1;797
1694;1;193;73489077;15;0;3;0;797
1695;1;1199;18831618;8;2;3;2;798
1696;1;1206;18831618;3;0;8;0;798
1697;1;656;36886422;8;1;13;1;799
1698;1;1116;36886422;13;0;8;0;799
1699;1;85;37689489;13;2;8;2;800
1700;1;1159;37689489;8;0;13;0;800
1701;1;648;92312446;1;3;6;3;801
1702;1;54;92312446;6;0;1;0;801
1703;1;1178;79259009;5;2;7;2;802
1704;1;177;79259009;7;0;5;0;802
1705;1;449;36128538;4;1;3;1;803
1706;1;93;36128538;3;0;4;0;803
1707;1;208;44598908;8;1;12;1;804
1708;1;1140;44598908;12;0;8;0;804
1709;1;529;23450855;3;2;8;2;805
1710;1;1148;23450855;8;0;3;0;805
1711;1;452;63820480;11;3;7;3;806
1712;1;408;63820480;7;0;11;0;806
1713;1;1051;29158015;10;3;14;3;807
1714;1;1050;29158015;14;0;10;0;807
1715;1;630;84492883;7;1;1;1;808
1716;1;122;84492883;1;0;7;0;808
1717;1;737;9438925;1;1;13;1;809
1718;1;1069;9438925;13;0;1;0;809
1719;1;1300;4505508;2;1;12;1;810
1720;1;264;4505508;12;0;2;0;810
1721;1;1211;36112355;15;1;13;1;811
1722;1;1317;36112355;13;0;15;0;811
1723;1;947;73556863;14;1;10;1;812
1724;1;1410;73556863;10;0;14;0;812
1725;1;399;22424296;8;2;9;2;813
1726;1;817;22424296;9;0;8;0;813
1727;1;676;83387974;4;1;8;1;814
1728;1;981;83387974;8;0;4;0;814
1729;1;1278;12038278;10;2;8;2;815
1730;1;612;12038278;8;0;10;0;815
1731;1;108;31668064;5;3;10;3;816
1732;1;1430;31668064;10;0;5;0;816
1733;1;1193;47429806;9;3;3;3;817
1734;1;324;47429806;3;0;9;0;817
1735;1;713;51511184;13;1;7;1;818
1736;1;1303;51511184;7;0;13;0;818
1737;1;539;63118911;1;1;11;1;819
1738;1;1223;63118911;11;0;1;0;819
1739;1;1198;23131176;3;3;9;3;820
1740;1;933;23131176;9;0;3;0;820
1741;1;524;64430006;7;2;3;2;821
1742;1;781;64430006;3;0;7;0;821
1743;1;324;97143421;1;2;15;2;822
1744;1;1223;97143421;15;0;1;0;822
1745;1;744;38833886;8;3;10;3;823
1746;1;1020;38833886;10;0;8;0;823
1747;1;1312;56302654;6;1;5;1;824
1748;1;819;56302654;5;0;6;0;824
1749;1;597;2792470;15;1;7;1;825
1750;1;408;2792470;7;0;15;0;825
1751;1;580;37403997;11;1;4;1;826
1752;1;1152;37403997;4;0;11;0;826
1753;1;1398;10441053;10;1;8;1;827
1754;1;944;10441053;8;0;10;0;827
1755;1;1356;92781110;14;1;15;1;828
1756;1;1248;92781110;15;0;14;0;828
1757;1;602;95810637;8;3;15;3;829
1758;1;1007;95810637;15;0;8;0;829
1759;1;110;30809888;13;1;11;1;830
1760;1;1163;30809888;11;0;13;0;830
1761;1;1189;6099009;10;2;2;2;831
1762;1;1182;6099009;2;0;10;0;831
1763;1;478;96944184;10;1;8;1;832
1764;1;632;96944184;8;0;10;0;832
1765;1;1157;18513262;15;3;9;3;833
1766;1;755;18513262;9;0;15;0;833
1767;1;330;529733;1;3;8;3;834
1768;1;181;529733;8;0;1;0;834
1769;1;251;99114087;10;1;2;1;835
1770;1;562;99114087;2;0;10;0;835
1771;1;647;49266774;6;1;1;1;836
1772;1;76;49266774;1;0;6;0;836
1773;1;16;9661714;7;1;5;1;837
1774;1;1433;9661714;5;0;7;0;837
1775;1;1169;32220980;11;1;15;1;838
1776;1;352;32220980;15;0;11;0;838
1777;1;72;24285276;1;2;8;2;839
1778;1;234;24285276;8;0;1;0;839
1779;1;397;24250002;15;2;14;2;840
1780;1;653;24250002;14;0;15;0;840
1781;1;10;63108419;14;2;15;2;841
1782;1;287;63108419;15;0;14;0;841
1783;1;891;16421152;10;1;5;1;842
1784;1;1248;16421152;5;0;10;0;842
1785;1;1013;18949895;12;3;1;3;843
1786;1;1280;18949895;1;0;12;0;843
1787;1;972;84940854;4;3;10;3;844
1788;1;1251;84940854;10;0;4;0;844
1789;1;1407;96980383;12;3;5;3;845
1790;1;1371;96980383;5;0;12;0;845
1791;1;517;17172904;12;1;10;1;846
1792;1;737;17172904;10;0;12;0;846
1793;1;435;55303598;5;3;12;3;847
1794;1;787;55303598;12;0;5;0;847
1795;1;88;77977740;1;2;9;2;848
1796;1;1089;77977740;9;0;1;0;848
1797;1;1343;94118656;5;3;11;3;849
1798;1;44;94118656;11;0;5;0;849
1799;1;750;63913427;10;3;7;3;850
1800;1;378;63913427;7;0;10;0;850
1801;1;1407;12286794;7;1;11;1;851
1802;1;866;12286794;11;0;7;0;851
1803;1;1159;20732897;2;2;1;2;852
1804;1;60;20732897;1;0;2;0;852
1805;1;730;92900977;4;2;11;2;853
1806;1;157;92900977;11;0;4;0;853
1807;1;959;90240172;2;1;11;1;854
1808;1;399;90240172;11;0;2;0;854
1809;1;178;96769252;12;2;5;2;855
1810;1;698;96769252;5;0;12;0;855
1811;1;601;81711593;13;3;8;3;856
1812;1;254;81711593;8;0;13;0;856
1813;1;119;62627735;12;3;14;3;857
1814;1;384;62627735;14;0;12;0;857
1815;1;172;6577197;9;1;8;1;858
1816;1;1242;6577197;8;0;9;0;858
1817;1;726;97301071;11;3;1;3;859
1818;1;1106;97301071;1;0;11;0;859
1819;1;1229;7759192;13;1;2;1;860
1820;1;52;7759192;2;0;13;0;860
1821;1;1215;77332499;3;2;2;2;861
1822;1;625;77332499;2;0;3;0;861
1823;1;217;71295951;12;2;15;2;862
1824;1;348;71295951;15;0;12;0;862
1825;1;1121;83672247;5;3;15;3;863
1826;1;526;83672247;15;0;5;0;863
1827;1;170;11497102;2;1;3;1;864
1828;1;63;11497102;3;0;2;0;864
1829;1;737;12209796;5;1;7;1;865
1830;1;454;12209796;7;0;5;0;865
1831;1;635;10529632;4;1;7;1;866
1832;1;255;10529632;7;0;4;0;866
1833;1;1433;38756638;3;2;9;2;867
1834;1;564;38756638;9;0;3;0;867
1835;1;1238;68710149;8;1;3;1;868
1836;1;29;68710149;3;0;8;0;868
1837;1;960;74901243;3;3;4;3;869
1838;1;1408;74901243;4;0;3;0;869
1839;1;1079;41124192;12;1;3;1;870
1840;1;891;41124192;3;0;12;0;870
1841;1;192;93186646;1;1;3;1;871
1842;1;417;93186646;3;0;1;0;871
1843;1;113;96030251;6;2;14;2;872
1844;1;970;96030251;14;0;6;0;872
1845;1;94;88201406;15;2;12;2;873
1846;1;1185;88201406;12;0;15;0;873
1847;1;47;25355313;8;2;9;2;874
1848;1;507;25355313;9;0;8;0;874
1849;1;489;12124222;9;1;7;1;875
1850;1;794;12124222;7;0;9;0;875
1851;1;246;89649193;3;2;15;2;876
1852;1;1139;89649193;15;0;3;0;876
1853;1;1200;44046824;5;3;12;3;877
1854;1;56;44046824;12;0;5;0;877
1855;1;97;59566119;5;3;15;3;878
1856;1;1336;59566119;15;0;5;0;878
1857;1;223;79112035;14;3;5;3;879
1858;1;362;79112035;5;0;14;0;879
1859;1;6;72939239;11;1;9;1;880
1860;1;1210;72939239;9;0;11;0;880
1861;1;1370;20665366;2;1;10;1;881
1862;1;762;20665366;10;0;2;0;881
1863;1;163;37315267;10;2;8;2;882
1864;1;1270;37315267;8;0;10;0;882
1865;1;476;69003923;6;3;5;3;883
1866;1;60;69003923;5;0;6;0;883
1867;1;1188;50955674;9;1;14;1;884
1868;1;1364;50955674;14;0;9;0;884
1869;1;1013;13631346;3;1;14;1;885
1870;1;1440;13631346;14;0;3;0;885
1871;1;379;43318607;8;2;14;2;886
1872;1;228;43318607;14;0;8;0;886
1873;1;452;17502293;15;3;10;3;887
1874;1;956;17502293;10;0;15;0;887
1875;1;82;36854045;7;2;4;2;888
1876;1;104;36854045;4;0;7;0;888
1877;1;1410;55438833;8;1;14;1;889
1878;1;1296;55438833;14;0;8;0;889
1879;1;1419;9256989;14;1;3;1;890
1880;1;352;9256989;3;0;14;0;890
1881;1;318;72863297;6;1;8;1;891
1882;1;146;72863297;8;0;6;0;891
1883;1;351;60634337;15;1;1;1;892
1884;1;1365;60634337;1;0;15;0;892
1885;1;969;49607110;13;1;6;1;893
1886;1;565;49607110;6;0;13;0;893
1887;1;620;42162062;6;2;8;2;894
1888;1;396;42162062;8;0;6;0;894
1889;1;377;59882092;7;3;11;3;895
1890;1;753;59882092;11;0;7;0;895
1891;1;950;68328889;8;1;6;1;896
1892;1;1321;68328889;6;0;8;0;896
1893;1;445;71041613;2;1;15;1;897
1894;1;1351;71041613;15;0;2;0;897
1895;1;862;96584088;1;2;10;2;898
1896;1;819;96584088;10;0;1;0;898
1897;1;735;27207253;15;3;6;3;899
1898;1;214;27207253;6;0;15;0;899
1899;1;538;4667554;13;2;6;2;900
1900;1;1028;4667554;6;0;13;0;900
1901;1;676;25822341;6;1;1;1;901
1902;1;597;25822341;1;0;6;0;901
1903;1;165;71020886;13;2;8;2;902
1904;1;763;71020886;8;0;13;0;902
1905;1;1402;3849721;15;2;6;2;903
1906;1;504;3849721;6;0;15;0;903
1907;1;1177;97200149;13;2;1;2;904
1908;1;1351;97200149;1;0;13;0;904
1909;1;62;8984801;8;3;9;3;905
1910;1;1230;8984801;9;0;8;0;905
1911;1;19;68527660;15;3;13;3;906
1912;1;1373;68527660;13;0;15;0;906
1913;1;111;39493347;5;2;1;2;907
1914;1;721;39493347;1;0;5;0;907
1915;1;221;58269397;13;1;15;1;908
1916;1;409;58269397;15;0;13;0;908
1917;1;177;27051267;6;2;3;2;909
1918;1;88;27051267;3;0;6;0;909
1919;1;1013;70740173;5;1;13;1;910
1920;1;1421;70740173;13;0;5;0;910
1921;1;461;60255741;4;2;10;2;911
1922;1;875;60255741;10;0;4;0;911
1923;1;794;71855001;13;2;14;2;912
1924;1;1201;71855001;14;0;13;0;912
1925;1;1146;13999358;14;1;6;1;913
1926;1;775;13999358;6;0;14;0;913
1927;1;613;54468807;9;2;5;2;914
1928;1;1330;54468807;5;0;9;0;914
1929;1;318;48401627;1;3;5;3;915
1930;1;476;48401627;5;0;1;0;915
1931;1;244;13826391;5;1;11;1;916
1932;1;1272;13826391;11;0;5;0;916
1933;1;495;66608843;10;1;7;1;917
1934;1;448;66608843;7;0;10;0;917
1935;1;484;60075083;12;3;11;3;918
1936;1;161;60075083;11;0;12;0;918
1937;1;1435;25463282;10;2;3;2;919
1938;1;487;25463282;3;0;10;0;919
1939;1;1056;59626217;13;1;11;1;920
1940;1;1057;59626217;11;0;13;0;920
1941;1;377;83238111;2;2;13;2;921
1942;1;1230;83238111;13;0;2;0;921
1943;1;1361;82927019;14;3;6;3;922
1944;1;985;82927019;6;0;14;0;922
1945;1;849;57770662;9;1;3;1;923
1946;1;92;57770662;3;0;9;0;923
1947;1;523;68753810;8;2;12;2;924
1948;1;171;68753810;12;0;8;0;924
1949;1;188;18081803;12;2;8;2;925
1950;1;1309;18081803;8;0;12;0;925
1951;1;84;61337529;2;2;9;2;926
1952;1;1183;61337529;9;0;2;0;926
1953;1;1029;68736721;2;1;15;1;927
1954;1;431;68736721;15;0;2;0;927
1955;1;42;55035311;12;2;1;2;928
1956;1;1010;55035311;1;0;12;0;928
1957;1;183;5036542;3;1;6;1;929
1958;1;110;5036542;6;0;3;0;929
1959;1;201;64559408;14;3;10;3;930
1960;1;1124;64559408;10;0;14;0;930
1961;1;821;48203676;3;1;1;1;931
1962;1;721;48203676;1;0;3;0;931
1963;1;53;7502566;1;1;7;1;932
1964;1;1336;7502566;7;0;1;0;932
1965;1;1160;57408464;2;3;8;3;933
1966;1;673;57408464;8;0;2;0;933
1967;1;206;78786268;14;3;5;3;934
1968;1;914;78786268;5;0;14;0;934
1969;1;471;57746874;3;1;14;1;935
1970;1;394;57746874;14;0;3;0;935
1971;1;1022;5268662;14;2;4;2;936
1972;1;292;5268662;4;0;14;0;936
1973;1;1048;57438488;1;2;11;2;937
1974;1;805;57438488;11;0;1;0;937
1975;1;987;29146584;4;3;6;3;938
1976;1;716;29146584;6;0;4;0;938
1977;1;82;56621934;12;2;14;2;939
1978;1;1387;56621934;14;0;12;0;939
1979;1;1071;32445452;12;1;7;1;940
1980;1;1334;32445452;7;0;12;0;940
1981;1;142;88061620;4;3;1;3;941
1982;1;406;88061620;1;0;4;0;941
1983;1;628;74008009;11;2;2;2;942
1984;1;478;74008009;2;0;11;0;942
1985;1;498;11872952;9;1;15;1;943
1986;1;324;11872952;15;0;9;0;943
1987;1;527;63612735;11;3;3;3;944
1988;1;1253;63612735;3;0;11;0;944
1989;1;33;12797928;7;3;9;3;945
1990;1;1139;12797928;9;0;7;0;945
1991;1;721;21044382;11;2;12;2;946
1992;1;642;21044382;12;0;11;0;946
1993;1;263;39608112;8;2;15;2;947
1994;1;822;39608112;15;0;8;0;947
1995;1;468;47248199;6;3;4;3;948
1996;1;868;47248199;4;0;6;0;948
1997;1;218;91650426;11;1;10;1;949
1998;1;790;91650426;10;0;11;0;949
1999;1;82;41320172;12;3;3;3;950
2000;1;928;41320172;3;0;12;0;950
2001;1;477;94934489;14;2;2;2;951
2002;1;337;94934489;2;0;14;0;951
2003;1;1190;16895764;15;2;4;2;952
2004;1;1195;16895764;4;0;15;0;952
2005;1;247;83438184;10;2;15;2;953
2006;1;636;83438184;15;0;10;0;953
2007;1;680;83554094;8;2;4;2;954
2008;1;1302;83554094;4;0;8;0;954
2009;1;1051;90775160;6;2;10;2;955
2010;1;1126;90775160;10;0;6;0;955
2011;1;416;29692179;9;1;13;1;956
2012;1;760;29692179;13;0;9;0;956
2013;1;511;52731275;7;1;10;1;957
2014;1;842;52731275;10;0;7;0;957
2015;1;549;52359098;2;2;7;2;958
2016;1;1215;52359098;7;0;2;0;958
2017;1;323;27814560;11;2;12;2;959
2018;1;1202;27814560;12;0;11;0;959
2019;1;553;51432551;13;1;6;1;960
2020;1;1027;51432551;6;0;13;0;960
2021;1;1192;58032128;13;1;10;1;961
2022;1;422;58032128;10;0;13;0;961
2023;1;680;27260797;11;3;12;3;962
2024;1;1023;27260797;12;0;11;0;962
2025;1;1440;68329787;5;1;4;1;963
2026;1;1227;68329787;4;0;5;0;963
2027;1;1388;83151845;1;1;14;1;964
2028;1;486;83151845;14;0;1;0;964
2029;1;29;44975561;11;3;13;3;965
2030;1;1265;44975561;13;0;11;0;965
2031;1;624;69912481;14;2;3;2;966
2032;1;256;69912481;3;0;14;0;966
2033;1;98;58911390;4;2;10;2;967
2034;1;808;58911390;10;0;4;0;967
2035;1;538;14786270;13;2;6;2;968
2036;1;1389;14786270;6;0;13;0;968
2037;1;1426;2922430;5;1;14;1;969
2038;1;818;2922430;14;0;5;0;969
2039;1;1198;75642972;14;3;12;3;970
2040;1;86;75642972;12;0;14;0;970
2041;1;1249;54665946;1;2;12;2;971
2042;1;926;54665946;12;0;1;0;971
2043;1;56;28330351;2;1;15;1;972
2044;1;485;28330351;15;0;2;0;972
2045;1;120;68933146;11;3;9;3;973
2046;1;1217;68933146;9;0;11;0;973
2047;1;1390;21094368;11;1;14;1;974
2048;1;1029;21094368;14;0;11;0;974
2049;1;597;50388632;4;3;2;3;975
2050;1;921;50388632;2;0;4;0;975
2051;1;883;74802382;5;2;12;2;976
2052;1;636;74802382;12;0;5;0;976
2053;1;340;35530819;12;3;14;3;977
2054;1;1360;35530819;14;0;12;0;977
2055;1;930;91797747;5;2;11;2;978
2056;1;804;91797747;11;0;5;0;978
2057;1;1065;82490220;15;3;11;3;979
2058;1;929;82490220;11;0;15;0;979
2059;1;887;9135376;5;3;9;3;980
2060;1;642;9135376;9;0;5;0;980
2061;1;637;66841300;10;3;15;3;981
2062;1;636;66841300;15;0;10;0;981
2063;1;874;73974313;5;1;8;1;982
2064;1;886;73974313;8;0;5;0;982
2065;1;705;47681895;1;3;8;3;983
2066;1;1016;47681895;8;0;1;0;983
2067;1;666;92247401;8;2;9;2;984
2068;1;1408;92247401;9;0;8;0;984
2069;1;859;12090305;10;2;3;2;985
2070;1;1310;12090305;3;0;10;0;985
2071;1;626;96367810;13;3;8;3;986
2072;1;266;96367810;8;0;13;0;986
2073;1;489;46266668;4;3;1;3;987
2074;1;893;46266668;1;0;4;0;987
2075;1;987;49209573;7;1;3;1;988
2076;1;604;49209573;3;0;7;0;988
2077;1;1073;24506416;15;3;14;3;989
2078;1;994;24506416;14;0;15;0;989
2079;1;366;77915814;14;3;15;3;990
2080;1;267;77915814;15;0;14;0;990
2081;1;1275;49005585;12;1;14;1;991
2082;1;781;49005585;14;0;12;0;991
2083;1;1175;21853660;8;1;1;1;992
2084;1;1097;21853660;1;0;8;0;992
2085;1;1196;11451214;14;1;4;1;993
2086;1;744;11451214;4;0;14;0;993
2087;1;192;19298329;9;1;8;1;994
2088;1;1023;19298329;8;0;9;0;994
2089;1;629;89384511;6;1;4;1;995
2090;1;897;89384511;4;0;6;0;995
2091;1;1091;49173399;8;3;5;3;996
2092;1;445;49173399;5;0;8;0;996
2093;1;991;66515146;8;1;11;1;997
2094;1;607;66515146;11;0;8;0;997
2095;1;575;67624716;7;1;5;1;998
2096;1;764;67624716;5;0;7;0;998
2097;1;907;60600006;2;2;5;2;999
2098;1;845;60600006;5;0;2;0;999
2099;1;105;66660298;6;2;4;2;1000
2100;1;1399;66660298;4;0;6;0;1000
2101;1;536;40627178;13;3;3;3;1001
2102;1;511;40627178;3;0;13;0;1001
2103;1;517;44097631;12;3;4;3;1002
2104;1;1044;44097631;4;0;12;0;1002
2105;1;813;60243519;5;3;4;3;1003
2106;1;581;60243519;4;0;5;0;1003
2107;1;399;79183162;12;3;1;3;1004
2108;1;1001;79183162;1;0;12;0;1004
2109;1;799;40437324;12;3;9;3;1005
2110;1;903;40437324;9;0;12;0;1005
2111;1;959;59875839;3;2;12;2;1006
2112;1;100;59875839;12;0;3;0;1006
2113;1;501;77731597;15;3;13;3;1007
2114;1;712;77731597;13;0;15;0;1007
2115;1;1310;29579465;12;2;5;2;1008
2116;1;56;29579465;5;0;12;0;1008
2117;1;254;91960508;2;2;4;2;1009
2118;1;851;91960508;4;0;2;0;1009
2119;1;928;5056554;8;2;10;2;1010
2120;1;1018;5056554;10;0;8;0;1010
2121;1;380;80518146;12;2;9;2;1011
2122;1;145;80518146;9;0;12;0;1011
2123;1;458;5123392;15;1;10;1;1012
2124;1;919;5123392;10;0;15;0;1012
2125;1;841;63817781;2;3;8;3;1013
2126;1;638;63817781;8;0;2;0;1013
2127;1;163;56266912;13;3;15;3;1014
2128;1;1156;56266912;15;0;13;0;1014
2129;1;1273;82633863;8;2;7;2;1015
2130;1;1078;82633863;7;0;8;0;1015
2131;1;349;79341492;15;2;2;2;1016
2132;1;1135;79341492;2;0;15;0;1016
2133;1;1131;10437422;12;2;6;2;1017
2134;1;579;10437422;6;0;12;0;1017
2135;1;152;64278356;1;3;13;3;1018
2136;1;16;64278356;13;0;1;0;1018
2137;1;1324;89686918;2;3;13;3;1019
2138;1;1140;89686918;13;0;2;0;1019
2139;1;477;66685212;2;3;13;3;1020
2140;1;1076;66685212;13;0;2;0;1020
2141;1;126;56059383;9;3;13;3;1021
2142;1;94;56059383;13;0;9;0;1021
2143;1;665;20270649;5;1;10;1;1022
2144;1;1063;20270649;10;0;5;0;1022
2145;1;770;9049853;3;3;12;3;1023
2146;1;222;9049853;12;0;3;0;1023
2147;1;680;32287830;7;2;15;2;1024
2148;1;966;32287830;15;0;7;0;1024
2149;1;434;12032409;9;3;12;3;1025
2150;1;1359;12032409;12;0;9;0;1025
2151;1;1216;4505218;7;3;9;3;1026
2152;1;78;4505218;9;0;7;0;1026
2153;1;201;75711788;12;1;4;1;1027
2154;1;908;75711788;4;0;12;0;1027
2155;1;847;68123827;15;1;7;1;1028
2156;1;788;68123827;7;0;15;0;1028
2157;1;409;39603233;12;2;4;2;1029
2158;1;1262;39603233;4;0;12;0;1029
2159;1;133;45246846;5;3;12;3;1030
2160;1;176;45246846;12;0;5;0;1030
2161;1;1132;47000862;15;3;7;3;1031
2162;1;530;47000862;7;0;15;0;1031
2163;1;502;52832431;3;3;9;3;1032
2164;1;800;52832431;9;0;3;0;1032
2165;1;34;48705536;9;2;10;2;1033
2166;1;342;48705536;10;0;9;0;1033
2167;1;670;76747936;12;1;13;1;1034
2168;1;151;76747936;13;0;12;0;1034
2169;1;1285;50770349;14;3;15;3;1035
2170;1;751;50770349;15;0;14;0;1035
2171;1;114;67150748;5;1;14;1;1036
2172;1;11;67150748;14;0;5;0;1036
2173;1;587;91333323;7;3;6;3;1037
2174;1;536;91333323;6;0;7;0;1037
2175;1;1425;37710578;7;1;15;1;1038
2176;1;1413;37710578;15;0;7;0;1038
2177;1;864;60658014;1;1;14;1;1039
2178;1;170;60658014;14;0;1;0;1039
2179;1;144;73824335;15;1;5;1;1040
2180;1;1169;73824335;5;0;15;0;1040
2181;1;13;43370099;13;2;6;2;1041
2182;1;29;43370099;6;0;13;0;1041
2183;1;852;21182079;2;2;6;2;1042
2184;1;1318;21182079;6;0;2;0;1042
2185;1;532;17404060;15;2;7;2;1043
2186;1;1320;17404060;7;0;15;0;1043
2187;1;1149;45574017;4;1;8;1;1044
2188;1;826;45574017;8;0;4;0;1044
2189;1;650;26107375;11;1;12;1;1045
2190;1;1401;26107375;12;0;11;0;1045
2191;1;498;83136822;2;1;15;1;1046
2192;1;1343;83136822;15;0;2;0;1046
2193;1;194;63050331;13;2;5;2;1047
2194;1;1093;63050331;5;0;13;0;1047
2195;1;503;69841676;13;1;7;1;1048
2196;1;859;69841676;7;0;13;0;1048
2197;1;1370;96277117;12;1;3;1;1049
2198;1;819;96277117;3;0;12;0;1049
2199;1;259;98275468;1;1;3;1;1050
2200;1;787;98275468;3;0;1;0;1050
2201;1;38;7067444;14;2;6;2;1051
2202;1;437;7067444;6;0;14;0;1051
2203;1;891;96867650;6;1;12;1;1052
2204;1;1073;96867650;12;0;6;0;1052
2205;1;225;96422627;7;1;5;1;1053
2206;1;973;96422627;5;0;7;0;1053
2207;1;971;20889813;11;2;7;2;1054
2208;1;1399;20889813;7;0;11;0;1054
2209;1;386;7217346;1;3;15;3;1055
2210;1;856;7217346;15;0;1;0;1055
2211;1;1170;38447980;9;2;1;2;1056
2212;1;1423;38447980;1;0;9;0;1056
2213;1;493;33353554;10;1;14;1;1057
2214;1;1297;33353554;14;0;10;0;1057
2215;1;39;70985458;9;3;6;3;1058
2216;1;1377;70985458;6;0;9;0;1058
2217;1;879;80020638;10;1;6;1;1059
2218;1;303;80020638;6;0;10;0;1059
2219;1;1436;54583401;7;3;10;3;1060
2220;1;1210;54583401;10;0;7;0;1060
2221;1;854;93120611;5;3;4;3;1061
2222;1;1387;93120611;4;0;5;0;1061
2223;1;1146;55261720;5;3;4;3;1062
2224;1;198;55261720;4;0;5;0;1062
2225;1;814;77854737;1;3;7;3;1063
2226;1;931;77854737;7;0;1;0;1063
2227;1;593;99089329;5;3;4;3;1064
2228;1;988;99089329;4;0;5;0;1064
2229;1;188;38895415;1;2;9;2;1065
2230;1;527;38895415;9;0;1;0;1065
2231;1;1140;85746886;2;3;9;3;1066
2232;1;234;85746886;9;0;2;0;1066
2233;1;879;30576141;1;3;6;3;1067
2234;1;100;30576141;6;0;1;0;1067
2235;1;156;40665018;14;2;12;2;1068
2236;1;1423;40665018;12;0;14;0;1068
2237;1;36;32130588;3;2;5;2;1069
2238;1;941;32130588;5;0;3;0;1069
2239;1;1302;68834109;13;1;15;1;1070
2240;1;96;68834109;15;0;13;0;1070
2241;1;792;26021407;12;1;14;1;1071
2242;1;1108;26021407;14;0;12;0;1071
2243;1;414;22879089;9;1;4;1;1072
2244;1;382;22879089;4;0;9;0;1072
2245;1;207;85229152;2;3;3;3;1073
2246;1;277;85229152;3;0;2;0;1073
2247;1;1424;36277329;12;3;15;3;1074
2248;1;1409;36277329;15;0;12;0;1074
2249;1;1007;53340781;15;1;10;1;1075
2250;1;908;53340781;10;0;15;0;1075
2251;1;948;52343520;10;3;13;3;1076
2252;1;1392;52343520;13;0;10;0;1076
2253;1;951;91351504;3;2;10;2;1077
2254;1;344;91351504;10;0;3;0;1077
2255;1;589;91023183;7;3;15;3;1078
2256;1;783;91023183;15;0;7;0;1078
2257;1;759;78981359;3;3;6;3;1079
2258;1;1065;78981359;6;0;3;0;1079
2259;1;537;97720490;8;1;10;1;1080
2260;1;339;97720490;10;0;8;0;1080
2261;1;484;48486175;8;3;7;3;1081
2262;1;65;48486175;7;0;8;0;1081
2263;1;365;40194572;13;3;12;3;1082
2264;1;94;40194572;12;0;13;0;1082
2265;1;810;55785688;7;1;5;1;1083
2266;1;262;55785688;5;0;7;0;1083
2267;1;374;14829158;10;2;11;2;1084
2268;1;1208;14829158;11;0;10;0;1084
2269;1;984;52955944;2;3;9;3;1085
2270;1;261;52955944;9;0;2;0;1085
2271;1;366;99427493;8;3;9;3;1086
2272;1;969;99427493;9;0;8;0;1086
2273;1;1086;13869898;8;1;13;1;1087
2274;1;412;13869898;13;0;8;0;1087
2275;1;743;68700059;3;1;8;1;1088
2276;1;298;68700059;8;0;3;0;1088
2277;1;254;42965696;9;1;12;1;1089
2278;1;59;42965696;12;0;9;0;1089
2279;1;597;6666829;4;2;15;2;1090
2280;1;971;6666829;15;0;4;0;1090
2281;1;1269;1959803;11;1;14;1;1091
2282;1;926;1959803;14;0;11;0;1091
2283;1;928;79420203;15;3;4;3;1092
2284;1;872;79420203;4;0;15;0;1092
2285;1;1260;19192266;14;1;9;1;1093
2286;1;458;19192266;9;0;14;0;1093
2287;1;776;90338699;2;2;1;2;1094
2288;1;687;90338699;1;0;2;0;1094
2289;1;404;12560474;14;2;8;2;1095
2290;1;215;12560474;8;0;14;0;1095
2291;1;330;93885781;3;1;9;1;1096
2292;1;11;93885781;9;0;3;0;1096
2293;1;740;2016556;2;3;15;3;1097
2294;1;910;2016556;15;0;2;0;1097
2295;1;286;70634373;10;3;6;3;1098
2296;1;141;70634373;6;0;10;0;1098
2297;1;789;25877610;6;1;9;1;1099
2298;1;1286;25877610;9;0;6;0;1099
2299;1;1343;78776950;10;2;5;2;1100
2300;1;731;78776950;5;0;10;0;1100
2301;1;556;96216648;11;3;9;3;1101
2302;1;62;96216648;9;0;11;0;1101
2303;1;620;21124001;2;1;6;1;1102
2304;1;866;21124001;6;0;2;0;1102
2305;1;1233;95605389;10;1;5;1;1103
2306;1;627;95605389;5;0;10;0;1103
2307;1;1261;73622155;14;2;2;2;1104
2308;1;1100;73622155;2;0;14;0;1104
2309;1;858;15640682;14;1;5;1;1105
2310;1;462;15640682;5;0;14;0;1105
2311;1;573;50486537;9;1;4;1;1106
2312;1;1110;50486537;4;0;9;0;1106
2313;1;401;43885258;5;1;7;1;1107
2314;1;1416;43885258;7;0;5;0;1107
2315;1;45;76554996;14;3;3;3;1108
2316;1;721;76554996;3;0;14;0;1108
2317;1;1037;11020504;8;2;5;2;1109
2318;1;1181;11020504;5;0;8;0;1109
2319;1;1329;43094638;10;2;6;2;1110
2320;1;99;43094638;6;0;10;0;1110
2321;1;752;20759109;13;2;10;2;1111
2322;1;590;20759109;10;0;13;0;1111
2323;1;771;7928090;1;1;4;1;1112
2324;1;660;7928090;4;0;1;0;1112
2325;1;1007;70985558;5;1;12;1;1113
2326;1;387;70985558;12;0;5;0;1113
2327;1;1389;35329168;15;2;6;2;1114
2328;1;53;35329168;6;0;15;0;1114
2329;1;609;42399806;11;3;12;3;1115
2330;1;60;42399806;12;0;11;0;1115
2331;1;1118;92652467;6;1;10;1;1116
2332;1;518;92652467;10;0;6;0;1116
2333;1;23;15391445;12;2;10;2;1117
2334;1;917;15391445;10;0;12;0;1117
2335;1;431;7984835;2;3;13;3;1118
2336;1;1003;7984835;13;0;2;0;1118
2337;1;149;24783051;6;3;5;3;1119
2338;1;1260;24783051;5;0;6;0;1119
2339;1;1401;15995787;1;1;9;1;1120
2340;1;440;15995787;9;0;1;0;1120
2341;1;861;19296951;12;2;4;2;1121
2342;1;833;19296951;4;0;12;0;1121
2343;1;1226;71625891;9;3;11;3;1122
2344;1;605;71625891;11;0;9;0;1122
2345;1;555;18964422;7;2;13;2;1123
2346;1;326;18964422;13;0;7;0;1123
2347;1;283;19776815;13;1;10;1;1124
2348;1;696;19776815;10;0;13;0;1124
2349;1;1070;22466621;2;2;11;2;1125
2350;1;288;22466621;11;0;2;0;1125
2351;1;858;57685130;2;3;15;3;1126
2352;1;1051;57685130;15;0;2;0;1126
2353;1;687;75890397;12;1;13;1;1127
2354;1;659;75890397;13;0;12;0;1127
2355;1;488;27907835;6;1;14;1;1128
2356;1;916;27907835;14;0;6;0;1128
2357;1;553;9273791;15;2;5;2;1129
2358;1;395;9273791;5;0;15;0;1129
2359;1;1257;88419414;1;3;11;3;1130
2360;1;736;88419414;11;0;1;0;1130
2361;1;750;22164199;12;3;9;3;1131
2362;1;353;22164199;9;0;12;0;1131
2363;1;394;84913477;7;3;10;3;1132
2364;1;1184;84913477;10;0;7;0;1132
2365;1;113;62190421;14;1;4;1;1133
2366;1;1071;62190421;4;0;14;0;1133
2367;1;388;6969894;2;1;13;1;1134
2368;1;200;6969894;13;0;2;0;1134
2369;1;1266;55895978;15;3;6;3;1135
2370;1;803;55895978;6;0;15;0;1135
2371;1;1370;19765136;10;2;13;2;1136
2372;1;65;19765136;13;0;10;0;1136
2373;1;272;71971733;5;3;4;3;1137
2374;1;749;71971733;4;0;5;0;1137
2375;1;678;16661314;4;1;15;1;1138
2376;1;619;16661314;15;0;4;0;1138
2377;1;1060;80509692;14;3;4;3;1139
2378;1;1132;80509692;4;0;14;0;1139
2379;1;1205;18700400;12;1;4;1;1140
2380;1;1165;18700400;4;0;12;0;1140
2381;1;785;79671389;1;2;13;2;1141
2382;1;998;79671389;13;0;1;0;1141
2383;1;636;10536056;9;1;7;1;1142
2384;1;526;10536056;7;0;9;0;1142
2385;1;1078;11862995;11;1;15;1;1143
2386;1;1407;11862995;15;0;11;0;1143
2387;1;1284;94426106;9;3;3;3;1144
2388;1;503;94426106;3;0;9;0;1144
2389;1;868;74341091;13;1;5;1;1145
2390;1;94;74341091;5;0;13;0;1145
2391;1;1225;29657026;14;2;5;2;1146
2392;1;766;29657026;5;0;14;0;1146
2393;1;1418;4983310;14;3;6;3;1147
2394;1;1091;4983310;6;0;14;0;1147
2395;1;1365;81770857;13;1;9;1;1148
2396;1;607;81770857;9;0;13;0;1148
2397;1;1002;71197458;9;1;2;1;1149
2398;1;718;71197458;2;0;9;0;1149
2399;1;514;43160713;1;2;5;2;1150
2400;1;838;43160713;5;0;1;0;1150
2401;1;645;56480692;15;1;6;1;1151
2402;1;371;56480692;6;0;15;0;1151
2403;1;190;95575487;8;1;14;1;1152
2404;1;744;95575487;14;0;8;0;1152
2405;1;516;39889357;4;1;7;1;1153
2406;1;589;39889357;7;0;4;0;1153
2407;1;1382;65040812;8;3;7;3;1154
2408;1;609;65040812;7;0;8;0;1154
2409;1;606;91700911;12;3;8;3;1155
2410;1;419;91700911;8;0;12;0;1155
2411;1;1352;45032539;6;1;10;1;1156
2412;1;283;45032539;10;0;6;0;1156
2413;1;1002;26514665;6;1;14;1;1157
2414;1;1110;26514665;14;0;6;0;1157
2415;1;1139;14321084;5;3;10;3;1158
2416;1;1162;14321084;10;0;5;0;1158
2417;1;778;15688089;15;1;7;1;1159
2418;1;518;15688089;7;0;15;0;1159
2419;1;1391;14078018;15;2;6;2;1160
2420;1;327;14078018;6;0;15;0;1160
2421;1;1356;78576791;12;3;13;3;1161
2422;1;524;78576791;13;0;12;0;1161
2423;1;141;45856913;9;2;8;2;1162
2424;1;482;45856913;8;0;9;0;1162
2425;1;416;85506827;9;3;3;3;1163
2426;1;216;85506827;3;0;9;0;1163
2427;1;180;65643092;13;1;1;1;1164
2428;1;1205;65643092;1;0;13;0;1164
2429;1;1185;22874157;8;3;1;3;1165
2430;1;1032;22874157;1;0;8;0;1165
2431;1;855;81522774;13;1;6;1;1166
2432;1;581;81522774;6;0;13;0;1166
2433;1;1091;10680552;11;1;2;1;1167
2434;1;231;10680552;2;0;11;0;1167
2435;1;670;31670609;14;2;5;2;1168
2436;1;1087;31670609;5;0;14;0;1168
2437;1;962;97905949;6;1;2;1;1169
2438;1;360;97905949;2;0;6;0;1169
2439;1;1117;44716058;8;1;11;1;1170
2440;1;1234;44716058;11;0;8;0;1170
2441;1;431;23206211;6;1;10;1;1171
2442;1;854;23206211;10;0;6;0;1171
2443;1;1407;89929055;12;3;6;3;1172
2444;1;464;89929055;6;0;12;0;1172
2445;1;480;37044206;8;3;12;3;1173
2446;1;854;37044206;12;0;8;0;1173
2447;1;983;4649083;14;1;8;1;1174
2448;1;996;4649083;8;0;14;0;1174
2449;1;825;91231178;8;3;15;3;1175
2450;1;731;91231178;15;0;8;0;1175
2451;1;316;17434012;7;1;13;1;1176
2452;1;399;17434012;13;0;7;0;1176
2453;1;887;12412054;10;2;1;2;1177
2454;1;1320;12412054;1;0;10;0;1177
2455;1;822;98265510;14;2;12;2;1178
2456;1;682;98265510;12;0;14;0;1178
2457;1;1007;96604350;8;2;1;2;1179
2458;1;771;96604350;1;0;8;0;1179
2459;1;1112;19072052;5;2;12;2;1180
2460;1;407;19072052;12;0;5;0;1180
2461;1;406;34480459;3;3;13;3;1181
2462;1;1186;34480459;13;0;3;0;1181
2463;1;1167;91881265;4;2;12;2;1182
2464;1;928;91881265;12;0;4;0;1182
2465;1;1129;85313266;2;2;4;2;1183
2466;1;586;85313266;4;0;2;0;1183
2467;1;543;54470960;6;3;10;3;1184
2468;1;365;54470960;10;0;6;0;1184
2469;1;147;26097912;15;1;7;1;1185
2470;1;883;26097912;7;0;15;0;1185
2471;1;134;71231096;12;2;8;2;1186
2472;1;1203;71231096;8;0;12;0;1186
2473;1;597;75541073;2;1;14;1;1187
2474;1;306;75541073;14;0;2;0;1187
2475;1;1312;75802297;12;1;2;1;1188
2476;1;182;75802297;2;0;12;0;1188
2477;1;482;63415655;1;2;3;2;1189
2478;1;720;63415655;3;0;1;0;1189
2479;1;656;50026459;12;3;4;3;1190
2480;1;896;50026459;4;0;12;0;1190
2481;1;740;86546262;1;2;10;2;1191
2482;1;1129;86546262;10;0;1;0;1191
2483;1;399;50935453;10;2;11;2;1192
2484;1;601;50935453;11;0;10;0;1192
2485;1;1212;52606031;11;1;2;1;1193
2486;1;1198;52606031;2;0;11;0;1193
2487;1;214;60801622;5;1;4;1;1194
2488;1;757;60801622;4;0;5;0;1194
2489;1;507;10903472;10;2;14;2;1195
2490;1;581;10903472;14;0;10;0;1195
2491;1;156;46948079;13;3;11;3;1196
2492;1;927;46948079;11;0;13;0;1196
2493;1;345;16293988;6;2;7;2;1197
2494;1;1035;16293988;7;0;6;0;1197
2495;1;1360;80008080;1;2;15;2;1198
2496;1;1136;80008080;15;0;1;0;1198
2497;1;794;60135954;6;3;14;3;1199
2498;1;1301;60135954;14;0;6;0;1199
2499;1;797;26068467;14;1;12;1;1200
2500;1;1026;26068467;12;0;14;0;1200
2501;1;68;3312884;5;3;11;3;1201
2502;1;131;3312884;11;0;5;0;1201
2503;1;1;59183261;6;1;11;1;1202
2504;1;1092;59183261;11;0;6;0;1202
2505;1;260;21456231;10;2;7;2;1203
2506;1;1165;21456231;7;0;10;0;1203
2507;1;37;43895784;10;2;11;2;1204
2508;1;271;43895784;11;0;10;0;1204
2509;1;367;92758286;3;2;12;2;1205
2510;1;644;92758286;12;0;3;0;1205
2511;1;864;24438324;9;2;2;2;1206
2512;1;1437;24438324;2;0;9;0;1206
2513;1;1162;51777597;8;2;9;2;1207
2514;1;580;51777597;9;0;8;0;1207
2515;1;17;36512825;8;1;2;1;1208
2516;1;1345;36512825;2;0;8;0;1208
2517;1;384;1793715;2;2;12;2;1209
2518;1;486;1793715;12;0;2;0;1209
2519;1;928;1802700;3;3;15;3;1210
2520;1;406;1802700;15;0;3;0;1210
2521;1;366;6727551;5;1;14;1;1211
2522;1;527;6727551;14;0;5;0;1211
2523;1;1006;25486294;14;1;1;1;1212
2524;1;205;25486294;1;0;14;0;1212
2525;1;1142;88553423;2;3;13;3;1213
2526;1;726;88553423;13;0;2;0;1213
2527;1;1340;34404508;10;2;5;2;1214
2528;1;200;34404508;5;0;10;0;1214
2529;1;1420;42561196;7;1;6;1;1215
2530;1;1252;42561196;6;0;7;0;1215
2531;1;937;11569167;14;1;10;1;1216
2532;1;1364;11569167;10;0;14;0;1216
2533;1;509;42947250;1;3;14;3;1217
2534;1;493;42947250;14;0;1;0;1217
2535;1;1124;52705059;1;3;6;3;1218
2536;1;1370;52705059;6;0;1;0;1218
2537;1;79;26248331;7;1;5;1;1219
2538;1;1196;26248331;5;0;7;0;1219
2539;1;352;63319376;5;3;2;3;1220
2540;1;807;63319376;2;0;5;0;1220
2541;1;1297;62682917;5;2;2;2;1221
2542;1;167;62682917;2;0;5;0;1221
2543;1;638;69258038;9;1;6;1;1222
2544;1;604;69258038;6;0;9;0;1222
2545;1;496;89915391;2;2;13;2;1223
2546;1;82;89915391;13;0;2;0;1223
2547;1;1300;93334141;6;2;8;2;1224
2548;1;977;93334141;8;0;6;0;1224
2549;1;482;73687031;1;2;12;2;1225
2550;1;183;73687031;12;0;1;0;1225
2551;1;850;6245816;9;1;7;1;1226
2552;1;247;6245816;7;0;9;0;1226
2553;1;1267;19472711;15;2;13;2;1227
2554;1;1061;19472711;13;0;15;0;1227
2555;1;71;99664380;15;1;6;1;1228
2556;1;83;99664380;6;0;15;0;1228
2557;1;1114;30302984;4;3;11;3;1229
2558;1;960;30302984;11;0;4;0;1229
2559;1;302;38659188;5;2;1;2;1230
2560;1;1268;38659188;1;0;5;0;1230
2561;1;1188;16839422;4;3;13;3;1231
2562;1;1117;16839422;13;0;4;0;1231
2563;1;474;29450981;8;3;2;3;1232
2564;1;249;29450981;2;0;8;0;1232
2565;1;599;88796638;8;1;2;1;1233
2566;1;410;88796638;2;0;8;0;1233
2567;1;844;81538481;10;1;6;1;1234
2568;1;494;81538481;6;0;10;0;1234
2569;1;218;10936729;5;1;11;1;1235
2570;1;75;10936729;11;0;5;0;1235
2571;1;749;83820345;4;3;12;3;1236
2572;1;16;83820345;12;0;4;0;1236
2573;1;189;48790572;1;2;9;2;1237
2574;1;317;48790572;9;0;1;0;1237
2575;1;1101;99581377;9;2;6;2;1238
2576;1;522;99581377;6;0;9;0;1238
2577;1;493;29669272;15;3;1;3;1239
2578;1;1145;29669272;1;0;15;0;1239
2579;1;1435;58157483;5;2;13;2;1240
2580;1;826;58157483;13;0;5;0;1240
2581;1;158;36684979;9;2;3;2;1241
2582;1;894;36684979;3;0;9;0;1241
2583;1;654;43895642;10;2;4;2;1242
2584;1;775;43895642;4;0;10;0;1242
2585;1;1154;17286032;4;3;15;3;1243
2586;1;1031;17286032;15;0;4;0;1243
2587;1;1129;16697106;7;3;9;3;1244
2588;1;592;16697106;9;0;7;0;1244
2589;1;641;2844266;6;2;1;2;1245
2590;1;1006;2844266;1;0;6;0;1245
2591;1;756;58065820;10;2;1;2;1246
2592;1;1364;58065820;1;0;10;0;1246
2593;1;144;50665950;5;3;1;3;1247
2594;1;1269;50665950;1;0;5;0;1247
2595;1;618;71046124;8;3;5;3;1248
2596;1;198;71046124;5;0;8;0;1248
2597;1;795;82549718;3;1;5;1;1249
2598;1;219;82549718;5;0;3;0;1249
2599;1;314;72446608;1;1;10;1;1250
2600;1;1192;72446608;10;0;1;0;1250
2601;1;1114;6492882;5;2;10;2;1251
2602;1;47;6492882;10;0;5;0;1251
2603;1;1431;80159860;4;2;9;2;1252
2604;1;85;80159860;9;0;4;0;1252
2605;1;724;54902730;10;2;11;2;1253
2606;1;1439;54902730;11;0;10;0;1253
2607;1;1055;75271042;8;1;15;1;1254
2608;1;1283;75271042;15;0;8;0;1254
2609;1;80;41897012;14;2;10;2;1255
2610;1;25;41897012;10;0;14;0;1255
2611;1;127;97925636;3;3;1;3;1256
2612;1;873;97925636;1;0;3;0;1256
2613;1;622;7624240;4;3;6;3;1257
2614;1;1046;7624240;6;0;4;0;1257
2615;1;1132;10191304;14;1;10;1;1258
2616;1;744;10191304;10;0;14;0;1258
2617;1;1123;67725932;8;1;10;1;1259
2618;1;381;67725932;10;0;8;0;1259
2619;1;160;86605990;15;1;1;1;1260
2620;1;209;86605990;1;0;15;0;1260
2621;1;892;50033308;7;1;10;1;1261
2622;1;1319;50033308;10;0;7;0;1261
2623;1;312;93480654;14;3;15;3;1262
2624;1;1158;93480654;15;0;14;0;1262
2625;1;1283;72797414;12;1;7;1;1263
2626;1;1276;72797414;7;0;12;0;1263
2627;1;135;83424449;14;2;7;2;1264
2628;1;290;83424449;7;0;14;0;1264
2629;1;159;80574174;9;1;11;1;1265
2630;1;1426;80574174;11;0;9;0;1265
2631;1;966;9646483;8;2;15;2;1266
2632;1;316;9646483;15;0;8;0;1266
2633;1;1140;23078801;7;1;1;1;1267
2634;1;1302;23078801;1;0;7;0;1267
2635;1;571;8161726;13;1;10;1;1268
2636;1;915;8161726;10;0;13;0;1268
2637;1;889;84569450;3;2;4;2;1269
2638;1;1242;84569450;4;0;3;0;1269
2639;1;437;99439764;4;3;15;3;1270
2640;1;439;99439764;15;0;4;0;1270
2641;1;892;76993483;8;3;9;3;1271
2642;1;218;76993483;9;0;8;0;1271
2643;1;616;1373729;3;3;2;3;1272
2644;1;1383;1373729;2;0;3;0;1272
2645;1;1055;3625199;7;1;1;1;1273
2646;1;1269;3625199;1;0;7;0;1273
2647;1;692;35011163;6;1;10;1;1274
2648;1;563;35011163;10;0;6;0;1274
2649;1;1226;18149422;10;2;2;2;1275
2650;1;335;18149422;2;0;10;0;1275
2651;1;677;36329927;12;3;1;3;1276
2652;1;174;36329927;1;0;12;0;1276
2653;1;400;69964788;3;2;12;2;1277
2654;1;654;69964788;12;0;3;0;1277
2655;1;907;723150;3;2;13;2;1278
2656;1;408;723150;13;0;3;0;1278
2657;1;252;69413498;9;1;12;1;1279
2658;1;92;69413498;12;0;9;0;1279
2659;1;90;28080443;3;3;1;3;1280
2660;1;96;28080443;1;0;3;0;1280
2661;1;392;8867010;10;3;4;3;1281
2662;1;938;8867010;4;0;10;0;1281
2663;1;1144;45533275;15;3;2;3;1282
2664;1;987;45533275;2;0;15;0;1282
2665;1;302;90376571;9;1;10;1;1283
2666;1;851;90376571;10;0;9;0;1283
2667;1;602;85876963;11;2;15;2;1284
2668;1;1296;85876963;15;0;11;0;1284
2669;1;729;91689737;10;2;14;2;1285
2670;1;1302;91689737;14;0;10;0;1285
2671;1;613;87964290;14;1;6;1;1286
2672;1;508;87964290;6;0;14;0;1286
2673;1;412;2072245;10;2;12;2;1287
2674;1;1400;2072245;12;0;10;0;1287
2675;1;233;31943591;12;1;14;1;1288
2676;1;613;31943591;14;0;12;0;1288
2677;1;203;41049146;2;3;1;3;1289
2678;1;254;41049146;1;0;2;0;1289
2679;1;1121;40794488;4;1;8;1;1290
2680;1;434;40794488;8;0;4;0;1290
2681;1;376;77259751;6;3;12;3;1291
2682;1;521;77259751;12;0;6;0;1291
2683;1;1115;93439588;9;3;1;3;1292
2684;1;668;93439588;1;0;9;0;1292
2685;1;489;54981622;10;3;12;3;1293
2686;1;858;54981622;12;0;10;0;1293
2687;1;650;31849826;7;1;14;1;1294
2688;1;247;31849826;14;0;7;0;1294
2689;1;1416;69364017;7;3;8;3;1295
2690;1;894;69364017;8;0;7;0;1295
2691;1;1418;8345537;3;1;12;1;1296
2692;1;170;8345537;12;0;3;0;1296
2693;1;1304;67406712;8;3;7;3;1297
2694;1;195;67406712;7;0;8;0;1297
2695;1;1256;15100266;14;3;7;3;1298
2696;1;481;15100266;7;0;14;0;1298
2697;1;275;32154056;3;3;15;3;1299
2698;1;834;32154056;15;0;3;0;1299
2699;1;331;68718587;7;1;11;1;1300
2700;1;745;68718587;11;0;7;0;1300
2701;1;1026;84737167;14;2;12;2;1301
2702;1;1136;84737167;12;0;14;0;1301
2703;1;1062;94800963;9;3;15;3;1302
2704;1;939;94800963;15;0;9;0;1302
2705;1;166;74551796;12;2;13;2;1303
2706;1;371;74551796;13;0;12;0;1303
2707;1;436;10826037;8;3;15;3;1304
2708;1;1370;10826037;15;0;8;0;1304
2709;1;752;38204810;3;2;11;2;1305
2710;1;413;38204810;11;0;3;0;1305
2711;1;648;40015735;5;3;14;3;1306
2712;1;550;40015735;14;0;5;0;1306
2713;1;1184;75323593;3;2;5;2;1307
2714;1;286;75323593;5;0;3;0;1307
2715;1;1423;43177883;4;3;10;3;1308
2716;1;972;43177883;10;0;4;0;1308
2717;1;199;48899365;9;3;4;3;1309
2718;1;190;48899365;4;0;9;0;1309
2719;1;269;68145591;8;2;2;2;1310
2720;1;229;68145591;2;0;8;0;1310
2721;1;1;42038237;13;2;5;2;1311
2722;1;237;42038237;5;0;13;0;1311
2723;1;768;79205685;5;2;14;2;1312
2724;1;320;79205685;14;0;5;0;1312
2725;1;1352;83621497;14;1;5;1;1313
2726;1;264;83621497;5;0;14;0;1313
2727;1;894;59839649;15;2;2;2;1314
2728;1;228;59839649;2;0;15;0;1314
2729;1;1298;62030828;10;3;2;3;1315
2730;1;1413;62030828;2;0;10;0;1315
2731;1;1226;51425017;11;1;15;1;1316
2732;1;287;51425017;15;0;11;0;1316
2733;1;554;44862080;14;3;11;3;1317
2734;1;1216;44862080;11;0;14;0;1317
2735;1;203;54688300;11;2;10;2;1318
2736;1;327;54688300;10;0;11;0;1318
2737;1;615;72779371;14;3;6;3;1319
2738;1;1013;72779371;6;0;14;0;1319
2739;1;643;3555859;5;3;6;3;1320
2740;1;587;3555859;6;0;5;0;1320
2741;1;1385;91057289;12;2;14;2;1321
2742;1;109;91057289;14;0;12;0;1321
2743;1;1142;2857270;2;1;4;1;1322
2744;1;1206;2857270;4;0;2;0;1322
2745;1;745;4920937;13;1;9;1;1323
2746;1;378;4920937;9;0;13;0;1323
2747;1;21;63385063;9;1;10;1;1324
2748;1;501;63385063;10;0;9;0;1324
2749;1;1232;28665786;9;1;6;1;1325
2750;1;915;28665786;6;0;9;0;1325
2751;1;25;8094898;8;1;15;1;1326
2752;1;98;8094898;15;0;8;0;1326
2753;1;1225;7914814;10;3;2;3;1327
2754;1;1357;7914814;2;0;10;0;1327
2755;1;1430;6390048;11;1;2;1;1328
2756;1;817;6390048;2;0;11;0;1328
2757;1;544;45809894;2;3;6;3;1329
2758;1;133;45809894;6;0;2;0;1329
2759;1;278;19107842;3;3;11;3;1330
2760;1;1017;19107842;11;0;3;0;1330
2761;1;581;99820779;8;2;9;2;1331
2762;1;426;99820779;9;0;8;0;1331
2763;1;482;46359731;15;3;3;3;1332
2764;1;350;46359731;3;0;15;0;1332
2765;1;1107;11211564;10;3;1;3;1333
2766;1;751;11211564;1;0;10;0;1333
2767;1;374;35093161;15;2;11;2;1334
2768;1;643;35093161;11;0;15;0;1334
2769;1;69;16828252;3;2;13;2;1335
2770;1;1079;16828252;13;0;3;0;1335
2771;1;685;58578531;8;3;10;3;1336
2772;1;1132;58578531;10;0;8;0;1336
2773;1;793;88789264;3;1;4;1;1337
2774;1;187;88789264;4;0;3;0;1337
2775;1;391;1577392;6;1;8;1;1338
2776;1;73;1577392;8;0;6;0;1338
2777;1;641;91944946;15;1;9;1;1339
2778;1;822;91944946;9;0;15;0;1339
2779;1;957;47613169;9;3;6;3;1340
2780;1;1434;47613169;6;0;9;0;1340
2781;1;1219;27317304;3;1;5;1;1341
2782;1;234;27317304;5;0;3;0;1341
2783;1;214;76352337;4;3;11;3;1342
2784;1;217;76352337;11;0;4;0;1342
2785;1;327;41016372;15;3;13;3;1343
2786;1;784;41016372;13;0;15;0;1343
2787;1;593;23098704;6;2;13;2;1344
2788;1;190;23098704;13;0;6;0;1344
2789;1;561;2555136;12;1;4;1;1345
2790;1;1179;2555136;4;0;12;0;1345
2791;1;653;30265647;8;2;12;2;1346
2792;1;979;30265647;12;0;8;0;1346
2793;1;1365;5557476;7;1;9;1;1347
2794;1;839;5557476;9;0;7;0;1347
2795;1;1080;56259252;2;3;11;3;1348
2796;1;1300;56259252;11;0;2;0;1348
2797;1;1036;91133459;4;2;1;2;1349
2798;1;467;91133459;1;0;4;0;1349
2799;1;609;43069405;14;1;4;1;1350
2800;1;694;43069405;4;0;14;0;1350
2801;1;1348;50221980;13;3;15;3;1351
2802;1;588;50221980;15;0;13;0;1351
2803;1;336;38274378;10;1;14;1;1352
2804;1;1287;38274378;14;0;10;0;1352
2805;1;555;11877759;6;3;1;3;1353
2806;1;908;11877759;1;0;6;0;1353
2807;1;848;65773656;6;2;11;2;1354
2808;1;550;65773656;11;0;6;0;1354
2809;1;845;95452974;7;1;10;1;1355
2810;1;961;95452974;10;0;7;0;1355
2811;1;1186;7691575;5;3;12;3;1356
2812;1;1075;7691575;12;0;5;0;1356
2813;1;137;57321555;14;3;15;3;1357
2814;1;665;57321555;15;0;14;0;1357
2815;1;79;53015387;8;2;1;2;1358
2816;1;151;53015387;1;0;8;0;1358
2817;1;199;1520943;10;1;3;1;1359
2818;1;1078;1520943;3;0;10;0;1359
2819;1;1140;9577634;1;2;11;2;1360
2820;1;135;9577634;11;0;1;0;1360
2821;1;559;13088059;7;3;9;3;1361
2822;1;653;13088059;9;0;7;0;1361
2823;1;540;15443211;8;1;2;1;1362
2824;1;359;15443211;2;0;8;0;1362
2825;1;400;2013992;13;1;14;1;1363
2826;1;655;2013992;14;0;13;0;1363
2827;1;582;2573917;5;1;4;1;1364
2828;1;1278;2573917;4;0;5;0;1364
2829;1;486;8153856;15;2;7;2;1365
2830;1;782;8153856;7;0;15;0;1365
2831;1;1050;78303961;9;2;10;2;1366
2832;1;785;78303961;10;0;9;0;1366
2833;1;306;60826165;3;1;2;1;1367
2834;1;279;60826165;2;0;3;0;1367
2835;1;636;60816406;8;1;4;1;1368
2836;1;1180;60816406;4;0;8;0;1368
2837;1;1273;65422031;1;3;15;3;1369
2838;1;161;65422031;15;0;1;0;1369
2839;1;292;5404313;13;3;12;3;1370
2840;1;1418;5404313;12;0;13;0;1370
2841;1;280;67792059;15;2;7;2;1371
2842;1;870;67792059;7;0;15;0;1371
2843;1;24;58176100;5;3;10;3;1372
2844;1;424;58176100;10;0;5;0;1372
2845;1;1107;44999458;7;3;12;3;1373
2846;1;236;44999458;12;0;7;0;1373
2847;1;55;17075498;10;3;1;3;1374
2848;1;1386;17075498;1;0;10;0;1374
2849;1;629;99819491;12;3;4;3;1375
2850;1;265;99819491;4;0;12;0;1375
2851;1;31;24503156;7;2;13;2;1376
2852;1;1034;24503156;13;0;7;0;1376
2853;1;397;86729849;1;2;6;2;1377
2854;1;704;86729849;6;0;1;0;1377
2855;1;82;33717877;10;3;11;3;1378
2856;1;1092;33717877;11;0;10;0;1378
2857;1;440;56245129;1;2;12;2;1379
2858;1;845;56245129;12;0;1;0;1379
2859;1;941;33046662;15;1;11;1;1380
2860;1;507;33046662;11;0;15;0;1380
2861;1;1005;72784511;10;2;8;2;1381
2862;1;899;72784511;8;0;10;0;1381
2863;1;276;13675659;3;1;7;1;1382
2864;1;1335;13675659;7;0;3;0;1382
2865;1;465;2340481;11;2;14;2;1383
2866;1;1263;2340481;14;0;11;0;1383
2867;1;638;86182995;9;2;10;2;1384
2868;1;1037;86182995;10;0;9;0;1384
2869;1;291;66118944;14;3;9;3;1385
2870;1;1394;66118944;9;0;14;0;1385
2871;1;1299;87052911;1;3;12;3;1386
2872;1;1110;87052911;12;0;1;0;1386
2873;1;1306;57374952;11;1;8;1;1387
2874;1;400;57374952;8;0;11;0;1387
2875;1;231;4364614;7;1;3;1;1388
2876;1;204;4364614;3;0;7;0;1388
2877;1;961;65748379;5;3;3;3;1389
2878;1;1330;65748379;3;0;5;0;1389
2879;1;394;12770628;4;2;6;2;1390
2880;1;997;12770628;6;0;4;0;1390
2881;1;1411;91202522;2;2;13;2;1391
2882;1;650;91202522;13;0;2;0;1391
2883;1;775;14195383;7;1;11;1;1392
2884;1;1035;14195383;11;0;7;0;1392
2885;1;1263;3601286;14;2;7;2;1393
2886;1;589;3601286;7;0;14;0;1393
2887;1;967;77862617;2;1;9;1;1394
2888;1;1061;77862617;9;0;2;0;1394
2889;1;941;44554752;8;1;14;1;1395
2890;1;96;44554752;14;0;8;0;1395
2891;1;805;92950712;6;1;13;1;1396
2892;1;1127;92950712;13;0;6;0;1396
2893;1;600;44360156;9;3;15;3;1397
2894;1;1000;44360156;15;0;9;0;1397
2895;1;1304;87961294;3;1;11;1;1398
2896;1;10;87961294;11;0;3;0;1398
2897;1;871;75106157;6;3;4;3;1399
2898;1;904;75106157;4;0;6;0;1399
2899;1;1103;63013513;11;3;15;3;1400
2900;1;429;63013513;15;0;11;0;1400
2901;1;505;39471903;4;1;3;1;1401
2902;1;591;39471903;3;0;4;0;1401
2903;1;648;38486502;7;2;11;2;1402
2904;1;370;38486502;11;0;7;0;1402
2905;1;336;6567391;5;3;10;3;1403
2906;1;889;6567391;10;0;5;0;1403
2907;1;1316;9112472;4;2;10;2;1404
2908;1;528;9112472;10;0;4;0;1404
2909;1;147;83996840;6;3;3;3;1405
2910;1;717;83996840;3;0;6;0;1405
2911;1;1181;6222948;9;2;14;2;1406
2912;1;603;6222948;14;0;9;0;1406
2913;1;820;41202864;4;3;3;3;1407
2914;1;4;41202864;3;0;4;0;1407
2915;1;1158;56957337;4;3;14;3;1408
2916;1;310;56957337;14;0;4;0;1408
2917;1;667;56815643;15;1;12;1;1409
2918;1;401;56815643;12;0;15;0;1409
2919;1;970;4262678;2;3;1;3;1410
2920;1;593;4262678;1;0;2;0;1410
2921;1;107;90057129;2;3;7;3;1411
2922;1;59;90057129;7;0;2;0;1411
2923;1;523;11335919;8;3;6;3;1412
2924;1;484;11335919;6;0;8;0;1412
2925;1;149;74164174;3;1;5;1;1413
2926;1;701;74164174;5;0;3;0;1413
2927;1;1260;60004745;3;3;1;3;1414
2928;1;438;60004745;1;0;3;0;1414
2929;1;1314;77011563;12;2;8;2;1415
2930;1;1021;77011563;8;0;12;0;1415
2931;1;264;51869077;8;2;2;2;1416
2932;1;1037;51869077;2;0;8;0;1416
2933;1;452;81569363;13;2;12;2;1417
2934;1;312;81569363;12;0;13;0;1417
2935;1;1050;40944081;7;2;15;2;1418
2936;1;274;40944081;15;0;7;0;1418
2937;1;142;7162872;10;3;12;3;1419
2938;1;866;7162872;12;0;10;0;1419
2939;1;971;14856304;2;1;6;1;1420
2940;1;112;14856304;6;0;2;0;1420
2941;1;131;90516715;5;3;12;3;1421
2942;1;449;90516715;12;0;5;0;1421
2943;1;177;55197210;14;2;9;2;1422
2944;1;784;55197210;9;0;14;0;1422
2945;1;318;65151526;4;2;8;2;1423
2946;1;1245;65151526;8;0;4;0;1423
2947;1;806;87990158;4;1;12;1;1424
2948;1;659;87990158;12;0;4;0;1424
2949;1;798;81245238;3;2;10;2;1425
2950;1;247;81245238;10;0;3;0;1425
2951;1;1063;50292035;10;1;3;1;1426
2952;1;1327;50292035;3;0;10;0;1426
2953;1;1158;55913992;14;3;2;3;1427
2954;1;911;55913992;2;0;14;0;1427
2955;1;1067;41113062;6;2;8;2;1428
2956;1;40;41113062;8;0;6;0;1428
2957;1;1044;83386364;5;1;8;1;1429
2958;1;901;83386364;8;0;5;0;1429
2959;1;1305;22380711;5;1;11;1;1430
2960;1;579;22380711;11;0;5;0;1430
2961;1;877;19323791;14;1;4;1;1431
2962;1;422;19323791;4;0;14;0;1431
2963;1;1367;71105473;4;2;2;2;1432
2964;1;280;71105473;2;0;4;0;1432
2965;1;1001;95663587;13;1;2;1;1433
2966;1;451;95663587;2;0;13;0;1433
2967;1;106;67242019;12;1;5;1;1434
2968;1;439;67242019;5;0;12;0;1434
2969;1;814;74800609;11;1;3;1;1435
2970;1;77;74800609;3;0;11;0;1435
2971;1;419;25921638;3;2;8;2;1436
2972;1;552;25921638;8;0;3;0;1436
2973;1;354;36141242;13;2;7;2;1437
2974;1;1037;36141242;7;0;13;0;1437
2975;1;780;6620720;9;1;8;1;1438
2976;1;1020;6620720;8;0;9;0;1438
2977;1;1333;85817268;9;3;15;3;1439
2978;1;346;85817268;15;0;9;0;1439
2979;1;537;1292229;14;2;11;2;1440
2980;1;756;1292229;11;0;14;0;1440
2981;1;913;99187711;3;2;12;2;1441
2982;1;1375;99187711;12;0;3;0;1441
2983;1;163;23359050;8;2;6;2;1442
2984;1;1009;23359050;6;0;8;0;1442
2985;1;1291;45273558;12;1;5;1;1443
2986;1;115;45273558;5;0;12;0;1443
2987;1;1267;6842604;14;2;12;2;1444
2988;1;617;6842604;12;0;14;0;1444
2989;1;1076;87029934;13;2;8;2;1445
2990;1;152;87029934;8;0;13;0;1445
2991;1;862;66000152;9;3;15;3;1446
2992;1;676;66000152;15;0;9;0;1446
2993;1;1430;50364398;6;3;15;3;1447
2994;1;468;50364398;15;0;6;0;1447
2995;1;763;46148166;1;3;11;3;1448
2996;1;402;46148166;11;0;1;0;1448
2997;1;124;93036477;5;3;8;3;1449
2998;1;71;93036477;8;0;5;0;1449
2999;1;711;63961935;7;2;6;2;1450
3000;1;151;63961935;6;0;7;0;1450
3001;1;250;37012623;14;3;1;3;1451
3002;1;537;37012623;1;0;14;0;1451
3003;1;582;17204663;9;3;5;3;1452
3004;1;540;17204663;5;0;9;0;1452
3005;1;70;49356722;10;2;15;2;1453
3006;1;477;49356722;15;0;10;0;1453
3007;1;103;95943073;15;1;3;1;1454
3008;1;357;95943073;3;0;15;0;1454
3009;1;492;26086821;15;1;12;1;1455
3010;1;69;26086821;12;0;15;0;1455
3011;1;748;61366485;11;3;15;3;1456
3012;1;417;61366485;15;0;11;0;1456
3013;1;382;1018428;1;1;15;1;1457
3014;1;736;1018428;15;0;1;0;1457
3015;1;475;41387418;2;2;13;2;1458
3016;1;949;41387418;13;0;2;0;1458
3017;1;1070;35585780;14;3;2;3;1459
3018;1;138;35585780;2;0;14;0;1459
3019;1;703;17257071;11;1;1;1;1460
3020;1;820;17257071;1;0;11;0;1460
3021;1;290;87078935;1;3;6;3;1461
3022;1;112;87078935;6;0;1;0;1461
3023;1;920;75270582;4;1;10;1;1462
3024;1;1289;75270582;10;0;4;0;1462
3025;1;1352;3387865;4;1;14;1;1463
3026;1;1081;3387865;14;0;4;0;1463
3027;1;469;25267770;8;3;5;3;1464
3028;1;1412;25267770;5;0;8;0;1464
3029;1;635;48470894;5;1;2;1;1465
3030;1;468;48470894;2;0;5;0;1465
3031;1;520;91761269;7;1;12;1;1466
3032;1;694;91761269;12;0;7;0;1466
3033;1;349;46967880;6;3;12;3;1467
3034;1;332;46967880;12;0;6;0;1467
3035;1;1416;80263101;5;2;4;2;1468
3036;1;1273;80263101;4;0;5;0;1468
3037;1;1126;16209123;9;3;6;3;1469
3038;1;272;16209123;6;0;9;0;1469
3039;1;1107;85655990;14;2;5;2;1470
3040;1;1035;85655990;5;0;14;0;1470
3041;1;901;87083312;10;2;3;2;1471
3042;1;57;87083312;3;0;10;0;1471
3043;1;1291;52519620;9;1;14;1;1472
3044;1;392;52519620;14;0;9;0;1472
3045;1;604;93212622;3;2;13;2;1473
3046;1;957;93212622;13;0;3;0;1473
3047;1;830;85511061;10;3;2;3;1474
3048;1;783;85511061;2;0;10;0;1474
3049;1;1361;40912644;11;3;12;3;1475
3050;1;707;40912644;12;0;11;0;1475
3051;1;609;99597642;5;1;4;1;1476
3052;1;1221;99597642;4;0;5;0;1476
3053;1;360;41307034;1;1;2;1;1477
3054;1;387;41307034;2;0;1;0;1477
3055;1;887;10828438;11;2;6;2;1478
3056;1;331;10828438;6;0;11;0;1478
3057;1;186;20830188;4;2;2;2;1479
3058;1;594;20830188;2;0;4;0;1479
3059;1;1005;4976648;14;3;12;3;1480
3060;1;1311;4976648;12;0;14;0;1480
3061;1;724;48526586;2;3;4;3;1481
3062;1;125;48526586;4;0;2;0;1481
3063;1;388;26542546;10;1;4;1;1482
3064;1;723;26542546;4;0;10;0;1482
3065;1;1116;86248586;7;1;8;1;1483
3066;1;259;86248586;8;0;7;0;1483
3067;1;1394;69560187;3;3;10;3;1484
3068;1;689;69560187;10;0;3;0;1484
3069;1;112;79898611;8;2;1;2;1485
3070;1;1017;79898611;1;0;8;0;1485
3071;1;69;51044323;15;3;7;3;1486
3072;1;906;51044323;7;0;15;0;1486
3073;1;1364;56248201;8;1;14;1;1487
3074;1;1039;56248201;14;0;8;0;1487
3075;1;271;64430397;8;1;2;1;1488
3076;1;729;64430397;2;0;8;0;1488
3077;1;1234;50278549;1;2;5;2;1489
3078;1;1389;50278549;5;0;1;0;1489
3079;1;659;51596986;11;2;3;2;1490
3080;1;204;51596986;3;0;11;0;1490
3081;1;649;97572685;7;2;9;2;1491
3082;1;626;97572685;9;0;7;0;1491
3083;1;333;32037218;6;2;12;2;1492
3084;1;1028;32037218;12;0;6;0;1492
3085;1;322;16519489;6;2;15;2;1493
3086;1;1437;16519489;15;0;6;0;1493
3087;1;909;9523813;12;3;15;3;1494
3088;1;208;9523813;15;0;12;0;1494
3089;1;833;38600167;8;3;3;3;1495
3090;1;832;38600167;3;0;8;0;1495
3091;1;406;5110955;7;1;1;1;1496
3092;1;1404;5110955;1;0;7;0;1496
3093;1;1052;38708484;11;3;13;3;1497
3094;1;1306;38708484;13;0;11;0;1497
3095;1;329;424171;11;2;13;2;1498
3096;1;1298;424171;13;0;11;0;1498
3097;1;1050;93106069;11;3;8;3;1499
3098;1;206;93106069;8;0;11;0;1499
3099;1;826;78590758;5;1;12;1;1500
3100;1;274;78590758;12;0;5;0;1500
