TID;Time;Value;FromParticipantId;FromAccountId;ToParticipantId;ToAccountId;Linkcode
1;2024-03-01 00:00:12;22853670;3;0;2;0;612
2;2024-03-01 00:00:32;93514574;2;1;6;1;83
3;2024-03-01 00:00:52;59749459;4;0;6;0;437
4;2024-03-01 00:04:46;73895187;6;1;7;1;440
5;2024-03-01 00:05:06;49547968;1;0;2;0;91
6;2024-03-01 00:05:08;63865896;4;0;5;0;361
7;2024-03-01 00:05:15;66601208;8;1;7;1;39
8;2024-03-01 00:05:28;17434150;4;1;3;1;674
9;2024-03-01 00:06:02;19802642;4;1;7;1;610
10;2024-03-01 00:06:06;66126775;3;0;7;0;173
11;2024-03-01 00:07:01;87200209;3;2;6;2;192
12;2024-03-01 00:08:09;96828548;7;0;6;0;392
13;2024-03-01 00:08:39;88561117;5;0;6;0;92
14;2024-03-01 00:09:02;70435061;4;0;8;0;457
15;2024-03-01 00:11:13;81015001;2;1;6;1;445
16;2024-03-01 00:12:42;85343889;8;1;6;1;569
17;2024-03-01 00:13:50;30869290;8;2;4;2;334
18;2024-03-01 00:16:11;29579643;4;2;8;2;626
19;2024-03-01 00:16:48;92867614;5;2;6;2;421
20;2024-03-01 00:17:04;55368465;8;1;5;1;593
21;2024-03-01 00:18:52;19932425;7;0;2;0;627
22;2024-03-01 00:18:58;19301956;1;0;4;0;682
23;2024-03-01 00:19:40;25588615;3;0;7;0;53
24;2024-03-01 00:19:42;88488351;4;0;2;0;382
25;2024-03-01 00:20:12;55422882;8;3;4;3;276
26;2024-03-01 00:21:06;91065969;1;0;8;0;639
27;2024-03-01 00:21:49;6902394;7;0;1;0;521
28;2024-03-01 00:21:54;6094318;6;3;5;3;734
29;2024-03-01 00:22:07;61474208;8;0;6;0;643
30;2024-03-01 00:23:04;77713031;8;1;1;1;215
31;2024-03-01 00:26:24;74087951;3;1;5;1;43
32;2024-03-01 00:26:32;95548869;5;2;7;2;580
33;2024-03-01 00:27:52;53087745;8;0;3;0;353
34;2024-03-01 00:29:19;10054484;6;0;5;0;599
35;2024-03-01 00:30:45;9346761;1;2;6;2;306
36;2024-03-01 00:31:52;8331424;5;3;3;3;44
37;2024-03-01 00:32:13;28073611;3;0;6;0;715
38;2024-03-01 00:33:06;12496569;2;2;1;2;55
39;2024-03-01 00:33:51;64576728;7;3;5;3;370
40;2024-03-01 00:34:43;99758710;5;1;3;1;156
41;2024-03-01 00:36:08;55703910;5;0;8;0;651
42;2024-03-01 00:37:02;76127282;5;2;7;2;713
43;2024-03-01 00:37:09;29869156;3;1;5;1;452
44;2024-03-01 00:37:23;64865754;6;1;8;1;395
45;2024-03-01 00:37:36;13310770;7;1;2;1;241
46;2024-03-01 00:37:51;79988257;2;0;6;0;81
47;2024-03-01 00:38:28;6927812;4;0;5;0;568
48;2024-03-01 00:39:28;6902394;1;3;7;3;521
49;2024-03-01 00:39:55;55131392;8;1;5;1;143
50;2024-03-01 00:40:00;28893011;7;0;1;0;404
51;2024-03-01 00:40:05;61844755;6;1;1;1;218
52;2024-03-01 00:41:45;67584094;4;3;3;3;326
53;2024-03-01 00:44:32;8339471;1;1;2;1;352
54;2024-03-01 00:44:40;93093640;4;0;1;0;680
55;2024-03-01 00:44:41;17434150;3;0;4;0;674
56;2024-03-01 00:48:09;81581608;1;0;2;0;722
57;2024-03-01 00:48:55;9870536;3;0;4;0;518
58;2024-03-01 00:49:36;71836518;5;0;1;0;673
59;2024-03-01 00:50:08;64913341;4;2;1;2;162
60;2024-03-01 00:50:08;33415377;6;1;2;1;120
61;2024-03-01 00:50:30;76498712;5;0;8;0;79
62;2024-03-01 00:50:39;66953150;8;0;1;0;636
63;2024-03-01 00:50:51;53213918;4;0;5;0;163
64;2024-03-01 00:53:01;86896710;6;3;2;3;198
65;2024-03-01 00:53:25;79758430;6;1;3;1;597
66;2024-03-01 00:53:30;52996699;2;2;1;2;246
67;2024-03-01 00:54:03;14668988;8;2;7;2;324
68;2024-03-01 00:54:07;76095547;7;0;6;0;519
69;2024-03-01 00:55:44;78824994;8;0;2;0;406
70;2024-03-01 00:55:45;22880598;3;0;5;0;472
71;2024-03-01 00:57:43;67618691;7;3;1;3;561
72;2024-03-01 00:59:04;11927058;3;3;5;3;14
73;2024-03-01 01:00:05;5052157;7;0;8;0;425
74;2024-03-01 01:01:08;70272113;6;2;2;2;716
75;2024-03-01 01:01:54;58014164;8;0;2;0;307
76;2024-03-01 01:01:59;27234176;1;3;2;3;410
77;2024-03-01 01:02:31;13296898;8;0;5;0;747
78;2024-03-01 01:03:57;66878087;2;1;4;1;323
79;2024-03-01 01:08:00;63353694;2;0;4;0;728
80;2024-03-01 01:08:56;55523846;5;0;1;0;454
81;2024-03-01 01:10:24;20344668;3;1;8;1;453
82;2024-03-01 01:10:30;9340347;5;0;3;0;259
83;2024-03-01 01:10:59;30285405;5;2;2;2;577
84;2024-03-01 01:11:45;35736153;7;0;3;0;480
85;2024-03-01 01:11:55;78384859;4;0;6;0;231
86;2024-03-01 01:11:59;6094318;5;0;6;0;734
87;2024-03-01 01:14:34;24132662;7;0;6;0;436
88;2024-03-01 01:17:10;79036504;5;0;6;0;119
89;2024-03-01 01:18:19;29057808;1;0;2;0;139
90;2024-03-01 01:19:37;80253621;1;1;8;1;602
91;2024-03-01 01:20:10;94140288;8;3;3;3;135
92;2024-03-01 01:22:06;50040457;2;3;5;3;439
93;2024-03-01 01:23:16;40339273;1;0;5;0;601
94;2024-03-01 01:23:49;23812805;4;1;5;1;197
95;2024-03-01 01:24:05;89769309;5;0;1;0;656
96;2024-03-01 01:25:17;42386443;3;0;8;0;467
97;2024-03-01 01:25:19;63815889;2;1;4;1;511
98;2024-03-01 01:27:01;65764025;1;0;4;0;229
99;2024-03-01 01:29:26;27877790;4;3;6;3;315
100;2024-03-01 01:29:47;83213394;5;2;4;2;488
101;2024-03-01 01:30:27;22653405;7;1;3;1;737
102;2024-03-01 01:30:41;77868247;4;0;1;0;679
103;2024-03-01 01:30:56;46402000;7;1;2;1;502
104;2024-03-01 01:32:18;94031876;5;0;2;0;309
105;2024-03-01 01:36:19;78824994;2;1;8;1;406
106;2024-03-01 01:38:28;65575890;8;0;6;0;603
107;2024-03-01 01:39:13;78941616;3;0;1;0;368
108;2024-03-01 01:39:28;34594311;6;3;2;3;74
109;2024-03-01 01:40:37;30694264;7;0;1;0;15
110;2024-03-01 01:40:40;4250025;8;1;5;1;522
111;2024-03-01 01:41:24;32403186;2;3;8;3;71
112;2024-03-01 01:48:54;15733756;2;0;3;0;330
113;2024-03-01 01:49:37;42851364;1;3;4;3;274
114;2024-03-01 01:50:21;34346177;4;3;6;3;433
115;2024-03-01 01:50:51;20684738;1;2;3;2;664
116;2024-03-01 01:51:16;78593141;4;3;5;3;188
117;2024-03-01 01:53:09;55538238;2;1;1;1;7
118;2024-03-01 01:53:13;82937268;3;1;2;1;286
119;2024-03-01 01:53:21;48672182;1;0;6;0;513
120;2024-03-01 01:53:29;49294662;2;0;4;0;571
121;2024-03-01 01:54:48;4287309;2;0;8;0;625
122;2024-03-01 01:55:13;31362508;8;1;6;1;506
123;2024-03-01 01:57:07;12354860;1;0;3;0;95
124;2024-03-01 01:57:45;39077701;5;0;8;0;549
125;2024-03-01 01:58:37;74010113;8;3;5;3;403
126;2024-03-01 01:59:01;55045610;3;0;5;0;620
127;2024-03-01 01:59:03;59641611;8;0;1;0;30
128;2024-03-01 01:59:23;89070870;3;1;8;1;740
129;2024-03-01 02:00:51;24814247;1;0;3;0;703
130;2024-03-01 02:01:38;75118742;7;0;6;0;346
131;2024-03-01 02:01:44;98992868;4;0;8;0;60
132;2024-03-01 02:01:54;46036192;7;3;3;3;663
133;2024-03-01 02:02:28;84843116;7;2;3;2;366
134;2024-03-01 02:02:44;97577467;4;3;5;3;385
135;2024-03-01 02:03:10;19203818;5;3;4;3;278
136;2024-03-01 02:06:24;67511741;4;0;1;0;607
137;2024-03-01 02:07:42;26979890;7;1;8;1;613
138;2024-03-01 02:08:07;90001914;4;1;8;1;314
139;2024-03-01 02:08:55;7075986;2;3;3;3;56
140;2024-03-01 02:09:40;9840145;6;2;1;2;632
141;2024-03-01 02:10:18;87021730;7;0;8;0;244
142;2024-03-01 02:12:37;97750036;2;2;7;2;28
143;2024-03-01 02:13:33;10430354;1;0;7;0;655
144;2024-03-01 02:14:03;82100297;4;0;2;0;2
145;2024-03-01 02:14:12;54830568;6;0;4;0;576
146;2024-03-01 02:16:48;97577467;5;0;4;0;385
147;2024-03-01 02:18:04;13652181;5;0;3;0;493
148;2024-03-01 02:18:36;42364543;4;3;3;3;691
149;2024-03-01 02:18:53;54268724;3;3;6;3;540
150;2024-03-01 02:18:58;93514574;6;0;2;0;83
151;2024-03-01 02:20:08;19265704;6;3;7;3;600
152;2024-03-01 02:20:14;86896710;2;0;6;0;198
153;2024-03-01 02:20:17;72109484;3;3;5;3;387
154;2024-03-01 02:21:27;9832416;5;0;4;0;741
155;2024-03-01 02:21:45;41796954;1;0;3;0;398
156;2024-03-01 02:22:02;88718856;3;3;5;3;199
157;2024-03-01 02:23:03;65764025;4;3;1;3;229
158;2024-03-01 02:23:22;18977830;2;0;5;0;6
159;2024-03-01 02:23:57;81530785;5;0;7;0;287
160;2024-03-01 02:25:06;88775387;5;3;4;3;665
161;2024-03-01 02:25:18;25748330;1;0;4;0;739
162;2024-03-01 02:26:40;58715761;7;0;5;0;289
163;2024-03-01 02:27:34;83245329;2;3;7;3;237
164;2024-03-01 02:28:21;35736153;3;1;7;1;480
165;2024-03-01 02:29:31;96936773;2;0;5;0;732
166;2024-03-01 02:30:20;64281001;6;3;4;3;200
167;2024-03-01 02:31:45;72894666;2;0;1;0;312
168;2024-03-01 02:35:07;25094918;2;0;4;0;508
169;2024-03-01 02:35:21;18705678;4;0;1;0;621
170;2024-03-01 02:37:31;78583048;4;0;8;0;316
171;2024-03-01 02:38:08;85343889;6;0;8;0;569
172;2024-03-01 02:38:54;84390022;4;0;3;0;609
173;2024-03-01 02:40:30;76680013;6;0;4;0;659
174;2024-03-01 02:41:36;93425580;5;1;8;1;702
175;2024-03-01 02:41:38;62331474;1;1;5;1;149
176;2024-03-01 02:41:43;82937268;2;0;3;0;286
177;2024-03-01 02:42:15;49375375;8;0;3;0;558
178;2024-03-01 02:45:21;7927792;6;0;7;0;736
179;2024-03-01 02:45:44;6553035;7;2;6;2;296
180;2024-03-01 02:48:07;95804336;3;2;4;2;325
181;2024-03-01 02:49:23;60202745;7;2;8;2;127
182;2024-03-01 02:50:51;92507705;5;0;1;0;435
183;2024-03-01 02:51:41;90191513;5;0;6;0;159
184;2024-03-01 02:53:00;13135918;5;0;1;0;327
185;2024-03-01 02:54:29;70253989;6;0;4;0;167
186;2024-03-01 02:54:36;37140597;8;3;7;3;51
187;2024-03-01 02:54:38;28794501;4;1;2;1;222
188;2024-03-01 02:55:02;16895153;8;1;4;1;706
189;2024-03-01 02:55:50;55770936;6;0;3;0;364
190;2024-03-01 02:56:47;24404480;2;3;7;3;294
191;2024-03-01 02:59:21;7900962;1;2;3;2;431
192;2024-03-01 03:00:39;21056559;1;2;2;2;676
193;2024-03-01 03:01:34;5132082;8;0;7;0;390
194;2024-03-01 03:02:04;93093640;1;2;4;2;680
195;2024-03-01 03:02:21;19766720;7;0;4;0;247
196;2024-03-01 03:03:35;45845937;8;1;4;1;628
197;2024-03-01 03:05:42;4782202;3;2;1;2;428
198;2024-03-01 03:06:28;65153240;5;0;4;0;420
199;2024-03-01 03:07:16;74238064;3;0;5;0;414
200;2024-03-01 03:09:14;28208073;6;3;8;3;67
201;2024-03-01 03:10:35;50450369;2;2;3;2;699
202;2024-03-01 03:12:01;24042849;5;0;6;0;504
203;2024-03-01 03:12:47;18070243;1;1;6;1;587
204;2024-03-01 03:13:43;68713168;4;1;1;1;202
205;2024-03-01 03:16:06;93425580;8;0;5;0;702
206;2024-03-01 03:17:31;58715761;5;2;7;2;289
207;2024-03-01 03:17:40;8019842;2;3;3;3;535
208;2024-03-01 03:17:58;17409858;2;0;6;0;250
209;2024-03-01 03:21:21;89235333;6;0;2;0;267
210;2024-03-01 03:21:59;64053103;7;2;2;2;707
211;2024-03-01 03:22:00;9959503;7;1;6;1;24
212;2024-03-01 03:22:21;79778121;6;2;5;2;257
213;2024-03-01 03:22:36;88787727;5;0;7;0;272
214;2024-03-01 03:23:02;70708888;7;1;4;1;227
215;2024-03-01 03:23:17;77672177;6;3;8;3;58
216;2024-03-01 03:23:21;8339471;2;0;1;0;352
217;2024-03-01 03:25:57;7463824;5;3;4;3;221
218;2024-03-01 03:27:00;54597396;4;0;1;0;75
219;2024-03-01 03:29:02;82088931;2;0;7;0;705
220;2024-03-01 03:29:31;5556467;2;1;6;1;238
221;2024-03-01 03:29:56;45443533;1;0;6;0;685
222;2024-03-01 03:30:24;79988257;6;1;2;1;81
223;2024-03-01 03:36:07;34569861;5;0;2;0;402
224;2024-03-01 03:37:14;96041921;6;2;1;2;738
225;2024-03-01 03:37:34;7525018;8;2;2;2;746
226;2024-03-01 03:37:52;48709335;2;1;3;1;720
227;2024-03-01 03:39:07;34128052;2;3;4;3;667
228;2024-03-01 03:39:26;89769309;1;3;5;3;656
229;2024-03-01 03:39:43;31543123;8;1;6;1;62
230;2024-03-01 03:40:46;39077701;8;3;5;3;549
231;2024-03-01 03:41:22;99157705;4;0;3;0;336
232;2024-03-01 03:42:19;6301771;5;2;2;2;617
233;2024-03-01 03:47:02;38640325;8;1;2;1;319
234;2024-03-01 03:47:13;67632845;2;0;1;0;633
235;2024-03-01 03:47:28;27234176;2;0;1;0;410
236;2024-03-01 03:50:43;36222011;6;1;5;1;4
237;2024-03-01 03:50:48;8873068;6;3;3;3;347
238;2024-03-01 03:50:49;33223415;4;0;8;0;362
239;2024-03-01 03:51:42;61823704;2;0;1;0;19
240;2024-03-01 03:52:11;2425574;8;1;7;1;232
241;2024-03-01 03:53:13;83136659;1;1;4;1;408
242;2024-03-01 03:53:33;19766720;4;2;7;2;247
243;2024-03-01 03:54:01;93598772;1;2;2;2;115
244;2024-03-01 03:54:02;22653405;3;0;7;0;737
245;2024-03-01 03:54:11;76113373;1;2;2;2;618
246;2024-03-01 03:55:04;94483399;7;1;8;1;647
247;2024-03-01 03:56:33;28998980;3;0;4;0;524
248;2024-03-01 03:56:39;45444167;6;1;4;1;354
249;2024-03-01 03:57:22;20757857;5;0;3;0;13
250;2024-03-01 03:57:29;97165231;5;0;7;0;554
251;2024-03-01 03:57:40;16868913;4;0;3;0;61
252;2024-03-01 03:59:26;81530785;7;3;5;3;287
253;2024-03-01 03:59:31;3312001;5;2;3;2;367
254;2024-03-01 04:00:46;90001914;8;0;4;0;314
255;2024-03-01 04:02:18;82855523;8;3;4;3;301
256;2024-03-01 04:03:30;71496157;1;0;4;0;471
257;2024-03-01 04:04:38;54830568;4;3;6;3;576
258;2024-03-01 04:04:58;85231340;6;3;1;3;499
259;2024-03-01 04:05:52;86251597;8;3;7;3;52
260;2024-03-01 04:06:28;74161582;1;0;5;0;543
261;2024-03-01 04:06:41;71205591;5;0;1;0;459
262;2024-03-01 04:06:47;18007890;1;2;3;2;693
263;2024-03-01 04:08:02;49586957;2;0;4;0;27
264;2024-03-01 04:08:09;42783063;2;2;7;2;556
265;2024-03-01 04:08:27;59220006;1;2;8;2;140
266;2024-03-01 04:09:38;3636559;5;1;1;1;501
267;2024-03-01 04:13:16;31686874;5;2;2;2;349
268;2024-03-01 04:13:21;16388636;3;2;4;2;649
269;2024-03-01 04:14:05;19715774;1;2;4;2;645
270;2024-03-01 04:15:32;5625013;5;0;2;0;669
271;2024-03-01 04:15:52;43088531;4;0;8;0;611
272;2024-03-01 04:16:20;31351777;2;0;5;0;357
273;2024-03-01 04:17:52;66873656;3;0;7;0;615
274;2024-03-01 04:19:14;86109374;6;0;2;0;242
275;2024-03-01 04:20:59;43312466;6;2;5;2;585
276;2024-03-01 04:21:40;2462678;5;1;1;1;230
277;2024-03-01 04:25:35;73027979;2;3;1;3;186
278;2024-03-01 04:27:41;87031571;6;0;7;0;256
279;2024-03-01 04:30:39;36585582;5;0;1;0;23
280;2024-03-01 04:31:20;471233;8;2;6;2;89
281;2024-03-01 04:32:49;82781224;7;0;3;0;340
282;2024-03-01 04:35:21;24711853;1;2;4;2;712
283;2024-03-01 04:36:46;25847050;2;2;3;2;128
284;2024-03-01 04:36:59;55914694;3;3;5;3;168
285;2024-03-01 04:38:00;67532449;8;0;6;0;73
286;2024-03-01 04:38:25;38696538;8;0;6;0;264
287;2024-03-01 04:38:37;75365762;5;1;2;1;217
288;2024-03-01 04:38:37;91065969;8;3;1;3;639
289;2024-03-01 04:39:07;54411826;6;3;3;3;172
290;2024-03-01 04:39:45;9832416;4;1;5;1;741
291;2024-03-01 04:41:02;34960556;1;0;3;0;727
292;2024-03-01 04:42:47;34639895;5;0;4;0;619
293;2024-03-01 04:43:12;26831693;2;2;3;2;299
294;2024-03-01 04:43:47;64388020;5;3;3;3;90
295;2024-03-01 04:44:08;44738279;8;2;4;2;101
296;2024-03-01 04:44:17;52862509;8;0;5;0;97
297;2024-03-01 04:46:54;84168563;2;3;5;3;396
298;2024-03-01 04:47:32;97555638;1;0;8;0;269
299;2024-03-01 04:47:37;88875766;5;0;7;0;216
300;2024-03-01 04:47:47;36585582;1;3;5;3;23
301;2024-03-01 04:48:02;877382;4;2;3;2;358
302;2024-03-01 04:49:26;31108363;4;1;6;1;550
303;2024-03-01 04:50:28;34403151;6;1;4;1;394
304;2024-03-01 04:50:49;80880959;5;0;1;0;47
305;2024-03-01 04:51:25;4923437;2;0;3;0;451
306;2024-03-01 04:51:30;17017193;7;0;5;0;16
307;2024-03-01 04:53:44;3509309;3;0;7;0;528
308;2024-03-01 04:54:25;18742219;1;0;5;0;589
309;2024-03-01 04:56:10;43267099;8;3;6;3;77
310;2024-03-01 04:56:24;8120666;7;3;5;3;144
311;2024-03-01 04:57:00;53087745;3;2;8;2;353
312;2024-03-01 04:57:37;45491202;6;0;8;0;596
313;2024-03-01 04:58:11;11026941;1;2;8;2;650
314;2024-03-01 04:59:56;59641611;1;3;8;3;30
315;2024-03-01 05:00:03;89077021;6;0;7;0;531
316;2024-03-01 05:00:39;67916170;2;0;4;0;405
317;2024-03-01 05:00:57;6927812;5;3;4;3;568
318;2024-03-01 05:01:13;33976668;7;2;1;2;194
319;2024-03-01 05:01:20;12902413;6;3;1;3;268
320;2024-03-01 05:02:08;81090345;1;3;2;3;69
321;2024-03-01 05:03:14;99903180;7;3;8;3;641
322;2024-03-01 05:03:34;43267099;6;0;8;0;77
323;2024-03-01 05:05:37;26633246;4;0;8;0;687
324;2024-03-01 05:07:14;61884150;7;0;4;0;735
325;2024-03-01 05:08:06;20844566;5;1;3;1;26
326;2024-03-01 05:09:04;22853670;2;2;3;2;612
327;2024-03-01 05:09:05;10430354;7;3;1;3;655
328;2024-03-01 05:11:44;48424365;7;1;6;1;552
329;2024-03-01 05:11:46;9959503;6;0;7;0;24
330;2024-03-01 05:12:21;61890093;8;2;5;2;635
331;2024-03-01 05:12:24;17272527;4;0;1;0;539
332;2024-03-01 05:13:21;52192749;7;0;6;0;317
333;2024-03-01 05:14:23;34594311;2;0;6;0;74
334;2024-03-01 05:15:26;55538238;1;0;2;0;7
335;2024-03-01 05:16:40;18007890;3;0;1;0;693
336;2024-03-01 05:16:47;43312466;5;0;6;0;585
337;2024-03-01 05:18:14;69603474;4;0;6;0;490
338;2024-03-01 05:18:24;54265592;6;2;3;2;470
339;2024-03-01 05:18:59;26831693;3;0;2;0;299
340;2024-03-01 05:19:09;48728546;2;0;6;0;148
341;2024-03-01 05:21:38;37690465;2;3;8;3;117
342;2024-03-01 05:22:50;25094918;4;2;2;2;508
343;2024-03-01 05:23:58;58192195;6;0;2;0;136
344;2024-03-01 05:23:59;65880326;7;3;5;3;714
345;2024-03-01 05:24:55;17364998;6;3;4;3;560
346;2024-03-01 05:25:16;79778121;5;0;6;0;257
347;2024-03-01 05:25:54;51789906;2;0;7;0;399
348;2024-03-01 05:26:28;93598772;2;0;1;0;115
349;2024-03-01 05:27:24;99531335;2;0;6;0;118
350;2024-03-01 05:27:28;22148697;1;2;4;2;608
351;2024-03-01 05:27:34;8272533;4;0;1;0;82
352;2024-03-01 05:29:50;37299725;4;2;3;2;434
353;2024-03-01 05:29:53;97410716;4;0;8;0;225
354;2024-03-01 05:33:15;71205591;1;3;5;3;459
355;2024-03-01 05:35:27;66696389;3;1;7;1;670
356;2024-03-01 05:36:32;75372776;6;2;2;2;466
357;2024-03-01 05:37:48;25320503;2;1;5;1;265
358;2024-03-01 05:37:49;53949051;1;3;3;3;209
359;2024-03-01 05:38:02;34346177;6;0;4;0;433
360;2024-03-01 05:38:26;38167971;7;0;5;0;110
361;2024-03-01 05:39:46;86198498;3;0;4;0;273
362;2024-03-01 05:40:43;10112906;3;2;5;2;57
363;2024-03-01 05:41:10;63673983;1;0;7;0;223
364;2024-03-01 05:41:19;10366548;3;0;2;0;290
365;2024-03-01 05:43:11;91155211;7;0;5;0;529
366;2024-03-01 05:44:28;74415857;1;2;2;2;76
367;2024-03-01 05:44:31;45491202;8;3;6;3;596
368;2024-03-01 05:44:31;30593883;5;0;7;0;532
369;2024-03-01 05:45:01;93077237;3;0;1;0;155
370;2024-03-01 05:45:28;38896374;3;0;5;0;688
371;2024-03-01 05:51:29;9840145;1;0;6;0;632
372;2024-03-01 05:52:01;74549565;3;1;4;1;723
373;2024-03-01 05:52:18;42131635;2;0;1;0;87
374;2024-03-01 05:52:31;48160994;3;1;1;1;182
375;2024-03-01 05:53:26;90991753;5;3;8;3;742
376;2024-03-01 05:53:27;95548869;7;0;5;0;580
377;2024-03-01 05:54:31;27662575;7;0;5;0;303
378;2024-03-01 05:55:21;39120134;5;0;8;0;460
379;2024-03-01 05:56:07;60202745;8;0;7;0;127
380;2024-03-01 05:56:24;59749459;6;1;4;1;437
381;2024-03-01 05:57:17;50450369;3;0;2;0;699
382;2024-03-01 05:58:35;17017193;5;2;7;2;16
383;2024-03-01 05:59:27;53985038;3;3;1;3;46
384;2024-03-01 05:59:37;82100297;2;1;4;1;2
385;2024-03-01 06:00:29;78072237;5;1;3;1;731
386;2024-03-01 06:03:04;48478840;7;0;3;0;475
387;2024-03-01 06:03:20;22980201;2;0;7;0;123
388;2024-03-01 06:05:32;89077021;7;2;6;2;531
389;2024-03-01 06:05:49;4923437;3;1;2;1;451
390;2024-03-01 06:05:49;56488654;4;0;2;0;185
391;2024-03-01 06:06:51;74350348;6;0;5;0;262
392;2024-03-01 06:07:59;24709625;6;0;7;0;175
393;2024-03-01 06:08:01;82088931;7;2;2;2;705
394;2024-03-01 06:08:39;67211230;1;0;8;0;678
395;2024-03-01 06:09:17;36062025;7;1;1;1;520
396;2024-03-01 06:09:28;64053103;2;0;7;0;707
397;2024-03-01 06:09:41;15982482;8;0;1;0;458
398;2024-03-01 06:09:50;71436797;7;2;2;2;219
399;2024-03-01 06:12:51;71413389;4;0;2;0;662
400;2024-03-01 06:13:19;77308084;8;0;6;0;484
401;2024-03-01 06:13:35;82403361;5;0;7;0;131
402;2024-03-01 06:14:05;13608898;1;3;2;3;547
403;2024-03-01 06:15:19;80959354;2;3;3;3;378
404;2024-03-01 06:16:26;67211230;8;3;1;3;678
405;2024-03-01 06:17:02;35775325;7;0;5;0;254
406;2024-03-01 06:18:21;249838;3;0;7;0;393
407;2024-03-01 06:18:25;66878087;4;0;2;0;323
408;2024-03-01 06:22:10;8873068;3;0;6;0;347
409;2024-03-01 06:22:13;31568654;7;0;3;0;204
410;2024-03-01 06:22:20;73441338;6;0;8;0;36
411;2024-03-01 06:23:52;9453832;3;0;1;0;107
412;2024-03-01 06:26:22;5721191;8;0;4;0;496
413;2024-03-01 06:26:44;6301771;2;0;5;0;617
414;2024-03-01 06:26:44;52363170;8;0;7;0;158
415;2024-03-01 06:27:46;81384659;8;1;5;1;240
416;2024-03-01 06:30:02;70471945;8;0;4;0;463
417;2024-03-01 06:30:52;5134515;3;2;7;2;42
418;2024-03-01 06:31:20;88603219;1;3;5;3;686
419;2024-03-01 06:31:28;99381254;7;1;1;1;455
420;2024-03-01 06:32:06;51960588;3;2;6;2;526
421;2024-03-01 06:32:48;2196207;7;3;8;3;146
422;2024-03-01 06:33:44;87949316;8;2;4;2;137
423;2024-03-01 06:33:56;71101700;6;3;7;3;320
424;2024-03-01 06:35:15;37210119;7;0;4;0;343
425;2024-03-01 06:35:23;61792679;1;3;8;3;196
426;2024-03-01 06:35:55;17409858;6;2;2;2;250
427;2024-03-01 06:36:41;7536190;5;0;7;0;443
428;2024-03-01 06:37:25;82855523;4;0;8;0;301
429;2024-03-01 06:37:45;80692084;5;0;2;0;12
430;2024-03-01 06:38:57;51137327;5;0;7;0;292
431;2024-03-01 06:39:08;72847245;8;1;3;1;64
432;2024-03-01 06:40:11;94837453;5;0;2;0;45
433;2024-03-01 06:40:34;34372292;8;2;6;2;424
434;2024-03-01 06:41:33;56226190;7;0;5;0;422
435;2024-03-01 06:43:13;70972882;8;1;2;1;8
436;2024-03-01 06:43:29;41106486;4;3;6;3;456
437;2024-03-01 06:43:30;61145676;8;0;5;0;283
438;2024-03-01 06:46:24;78141808;4;0;3;0;564
439;2024-03-01 06:48:40;89302100;4;0;6;0;335
440;2024-03-01 06:50:48;46791645;5;0;7;0;191
441;2024-03-01 06:52:13;3236656;8;2;4;2;308
442;2024-03-01 06:52:37;12644984;4;1;2;1;142
443;2024-03-01 06:53:10;30333000;2;0;1;0;491
444;2024-03-01 06:54:50;3636559;1;0;5;0;501
445;2024-03-01 06:55:14;55422882;4;0;8;0;276
446;2024-03-01 06:55:28;26182304;7;0;2;0;701
447;2024-03-01 06:55:33;76113373;2;0;1;0;618
448;2024-03-01 06:56:45;58064771;1;2;7;2;190
449;2024-03-01 06:59:32;25114332;5;0;4;0;689
450;2024-03-01 07:00:41;17296293;6;0;5;0;464
451;2024-03-01 07:02:31;64656207;5;0;1;0;677
452;2024-03-01 07:02:50;13135918;1;3;5;3;327
453;2024-03-01 07:03:16;52996699;1;0;2;0;246
454;2024-03-01 07:04:48;46556935;4;1;5;1;637
455;2024-03-01 07:04:59;36645478;4;0;5;0;339
456;2024-03-01 07:05:20;9453832;1;3;3;3;107
457;2024-03-01 07:08:48;35422277;1;3;3;3;179
458;2024-03-01 07:10:51;47852734;4;2;5;2;228
459;2024-03-01 07:12:41;40978238;5;0;1;0;106
460;2024-03-01 07:15:49;83245329;7;0;2;0;237
461;2024-03-01 07:16:56;96069754;6;0;2;0;48
462;2024-03-01 07:21:14;30991916;1;0;6;0;446
463;2024-03-01 07:22:02;53213918;5;3;4;3;163
464;2024-03-01 07:22:41;55753530;7;0;6;0;505
465;2024-03-01 07:23:14;8860019;2;0;8;0;275
466;2024-03-01 07:23:18;12496569;1;0;2;0;55
467;2024-03-01 07:23:29;37842770;2;3;5;3;174
468;2024-03-01 07:23:43;57499818;7;1;3;1;84
469;2024-03-01 07:23:52;43393796;5;0;4;0;41
470;2024-03-01 07:24:22;32224524;2;2;3;2;98
471;2024-03-01 07:24:47;25754672;3;3;4;3;586
472;2024-03-01 07:24:52;44118916;1;3;2;3;675
473;2024-03-01 07:25:34;40717356;5;1;3;1;266
474;2024-03-01 07:26:49;249838;7;1;3;1;393
475;2024-03-01 07:27:15;12902413;1;0;6;0;268
476;2024-03-01 07:27:46;69750478;1;3;7;3;153
477;2024-03-01 07:27:46;46453732;4;1;2;1;212
478;2024-03-01 07:28:41;55523846;1;2;5;2;454
479;2024-03-01 07:29:12;91537880;3;0;8;0;695
480;2024-03-01 07:30:09;36062025;1;0;7;0;520
481;2024-03-01 07:30:34;49713503;6;0;2;0;479
482;2024-03-01 07:31:45;10054484;5;1;6;1;599
483;2024-03-01 07:32:18;56962514;5;3;7;3;32
484;2024-03-01 07:32:36;29579643;8;0;4;0;626
485;2024-03-01 07:33:05;85824169;2;0;1;0;78
486;2024-03-01 07:34:05;83423577;4;0;2;0;427
487;2024-03-01 07:34:29;36564789;8;0;3;0;623
488;2024-03-01 07:34:55;63353694;4;2;2;2;728
489;2024-03-01 07:35:11;52843402;5;2;7;2;391
490;2024-03-01 07:36:34;75434493;3;1;8;1;203
491;2024-03-01 07:36:53;73471294;8;0;6;0;132
492;2024-03-01 07:37:03;13608898;2;0;1;0;547
493;2024-03-01 07:38:14;76498712;8;1;5;1;79
494;2024-03-01 07:38:59;31351777;5;2;2;2;357
495;2024-03-01 07:39:19;44728289;7;2;3;2;379
496;2024-03-01 07:40:48;90566205;7;1;4;1;438
497;2024-03-01 07:42:29;56392935;7;1;1;1;654
498;2024-03-01 07:43:19;71022544;5;0;7;0;111
499;2024-03-01 07:48:22;57486656;1;3;8;3;261
500;2024-03-01 07:49:15;86813215;8;0;7;0;277
501;2024-03-01 07:49:17;76741621;5;1;4;1;70
502;2024-03-01 07:49:21;32445388;1;1;7;1;21
503;2024-03-01 07:50:15;67298813;2;0;3;0;201
504;2024-03-01 07:50:35;26633246;8;1;4;1;687
505;2024-03-01 07:50:35;42469040;7;1;8;1;1
506;2024-03-01 07:52:13;55914694;5;0;3;0;168
507;2024-03-01 07:54:46;24165514;7;2;8;2;666
508;2024-03-01 07:55:31;22712872;4;2;8;2;359
509;2024-03-01 07:56:33;90191513;6;1;5;1;159
510;2024-03-01 07:57:50;55703910;8;1;5;1;651
511;2024-03-01 07:59:59;14562934;2;0;1;0;281
512;2024-03-01 08:00:02;80959354;3;0;2;0;378
513;2024-03-01 08:00:15;58064771;7;0;1;0;190
514;2024-03-01 08:00:55;29152615;5;0;3;0;260
515;2024-03-01 08:01:50;86109374;2;3;6;3;242
516;2024-03-01 08:02:14;25847050;3;0;2;0;128
517;2024-03-01 08:02:54;52299900;4;0;6;0;243
518;2024-03-01 08:03:04;74161582;5;3;1;3;543
519;2024-03-01 08:03:53;5625013;2;1;5;1;669
520;2024-03-01 08:04:30;8060922;5;2;2;2;17
521;2024-03-01 08:04:44;67632845;1;3;2;3;633
522;2024-03-01 08:05:25;41796954;3;1;1;1;398
523;2024-03-01 08:05:29;10997497;1;3;7;3;40
524;2024-03-01 08:05:33;91537880;8;1;3;1;695
525;2024-03-01 08:06:16;75118742;6;1;7;1;346
526;2024-03-01 08:06:53;93556624;8;2;2;2;333
527;2024-03-01 08:07:03;35148814;5;0;3;0;112
528;2024-03-01 08:08:06;70435061;8;2;4;2;457
529;2024-03-01 08:09:14;11341127;8;3;1;3;400
530;2024-03-01 08:09:46;59168510;5;3;2;3;412
531;2024-03-01 08:10:19;32403186;8;0;2;0;71
532;2024-03-01 08:10:46;11341127;1;0;8;0;400
533;2024-03-01 08:11:24;79100875;2;0;3;0;750
534;2024-03-01 08:13:55;48677301;4;0;2;0;20
535;2024-03-01 08:15:07;65880326;5;0;7;0;714
536;2024-03-01 08:16:36;23574500;7;0;4;0;304
537;2024-03-01 08:16:42;5721191;4;3;8;3;496
538;2024-03-01 08:17:24;467597;2;0;3;0;96
539;2024-03-01 08:19:26;51738344;1;0;6;0;311
540;2024-03-01 08:20:08;94281937;7;3;1;3;360
541;2024-03-01 08:21:08;21161301;8;2;2;2;658
542;2024-03-01 08:21:40;73471294;6;3;8;3;132
543;2024-03-01 08:24:34;93872393;4;1;6;1;214
544;2024-03-01 08:26:24;73548751;5;3;8;3;644
545;2024-03-01 08:26:40;19088769;6;3;8;3;113
546;2024-03-01 08:27:33;71413389;2;3;4;3;662
547;2024-03-01 08:29:27;37823388;7;0;8;0;375
548;2024-03-01 08:29:47;49375375;3;3;8;3;558
549;2024-03-01 08:30:05;64913341;1;0;4;0;162
550;2024-03-01 08:31:04;55045610;5;1;3;1;620
551;2024-03-01 08:33:41;76575559;6;0;4;0;338
552;2024-03-01 08:34:27;61890093;5;0;8;0;635
553;2024-03-01 08:36:07;94481571;1;0;2;0;152
554;2024-03-01 08:38:15;39440544;7;2;1;2;226
555;2024-03-01 08:38:15;20344668;8;0;3;0;453
556;2024-03-01 08:40:56;53985038;1;0;3;0;46
557;2024-03-01 08:41:15;4061336;2;0;7;0;566
558;2024-03-01 08:41:21;10314214;6;0;1;0;104
559;2024-03-01 08:41:39;31686874;2;0;5;0;349
560;2024-03-01 08:41:54;97738881;7;1;3;1;642
561;2024-03-01 08:43:34;69701499;2;3;1;3;59
562;2024-03-01 08:47:27;61884150;4;2;7;2;735
563;2024-03-01 08:49:05;90606450;7;3;2;3;288
564;2024-03-01 08:49:28;78921706;8;1;6;1;125
565;2024-03-01 08:49:55;6491221;2;0;1;0;418
566;2024-03-01 08:50:34;24404480;7;0;2;0;294
567;2024-03-01 08:50:43;2659721;5;0;8;0;18
568;2024-03-01 08:50:47;79376065;1;0;6;0;298
569;2024-03-01 08:53:08;50793412;8;0;1;0;177
570;2024-03-01 08:54:38;61792679;8;0;1;0;196
571;2024-03-01 08:55:54;35825160;8;2;6;2;407
572;2024-03-01 08:56:31;7028544;7;0;6;0;534
573;2024-03-01 08:58:16;18453494;4;0;5;0;350
574;2024-03-01 08:58:41;34639895;4;3;5;3;619
575;2024-03-01 09:00:04;78593141;5;0;4;0;188
576;2024-03-01 09:00:29;56990516;6;0;1;0;461
577;2024-03-01 09:02:26;84390022;3;3;4;3;609
578;2024-03-01 09:02:37;16886993;5;0;8;0;497
579;2024-03-01 09:04:18;13310770;2;0;7;0;241
580;2024-03-01 09:05:04;15378520;6;0;1;0;483
581;2024-03-01 09:06:07;50226434;7;0;1;0;469
582;2024-03-01 09:06:18;40932748;6;2;5;2;195
583;2024-03-01 09:07:25;1311296;5;2;4;2;5
584;2024-03-01 09:08:14;44752497;1;0;5;0;376
585;2024-03-01 09:09:33;89302100;6;1;4;1;335
586;2024-03-01 09:11:01;17519047;1;3;2;3;187
587;2024-03-01 09:11:46;50434616;5;0;1;0;207
588;2024-03-01 09:12:37;81090345;2;0;1;0;69
589;2024-03-01 09:13:02;14507184;4;0;5;0;523
590;2024-03-01 09:13:13;54979331;2;2;4;2;690
591;2024-03-01 09:13:28;70528221;5;0;2;0;509
592;2024-03-01 09:16:39;24132662;6;3;7;3;436
593;2024-03-01 09:17:23;28452984;6;1;3;1;193
594;2024-03-01 09:18:24;80677828;7;1;2;1;54
595;2024-03-01 09:19:51;74364620;3;0;8;0;744
596;2024-03-01 09:21:25;52731464;4;0;6;0;606
597;2024-03-01 09:23:52;38896374;5;2;3;2;688
598;2024-03-01 09:24:05;2084662;7;2;8;2;634
599;2024-03-01 09:26:30;23296395;1;2;5;2;300
600;2024-03-01 09:28:49;42386443;8;1;3;1;467
601;2024-03-01 09:29:23;6005220;6;0;5;0;530
602;2024-03-01 09:29:47;82637681;3;0;8;0;86
603;2024-03-01 09:30:33;42991122;6;1;4;1;388
604;2024-03-01 09:30:38;90563104;6;3;7;3;426
605;2024-03-01 09:31:08;471233;6;0;8;0;89
606;2024-03-01 09:35:19;23296395;5;0;1;0;300
607;2024-03-01 09:35:57;81393856;3;0;1;0;210
608;2024-03-01 09:36:10;79853330;8;2;6;2;11
609;2024-03-01 09:37:28;75365762;2;0;5;0;217
610;2024-03-01 09:42:07;22980201;7;3;2;3;123
611;2024-03-01 09:42:52;90544254;8;2;3;2;661
612;2024-03-01 09:44:07;96604678;2;0;1;0;134
613;2024-03-01 09:44:51;33415377;2;0;6;0;120
614;2024-03-01 09:45:11;97555638;8;1;1;1;269
615;2024-03-01 09:45:24;48478840;3;2;7;2;475
616;2024-03-01 09:46:58;62618002;3;0;7;0;93
617;2024-03-01 09:47:34;92752408;7;2;6;2;545
618;2024-03-01 09:49:14;66212886;8;2;6;2;371
619;2024-03-01 09:49:36;18727767;8;1;4;1;37
620;2024-03-01 09:50:19;47852734;5;0;4;0;228
621;2024-03-01 09:50:59;90606450;2;0;7;0;288
622;2024-03-01 09:51:09;25959526;2;1;4;1;572
623;2024-03-01 09:53:34;18192650;7;2;4;2;10
624;2024-03-01 09:53:37;97738881;3;0;7;0;642
625;2024-03-01 09:53:42;49369722;3;1;7;1;310
626;2024-03-01 09:54:38;93556624;2;0;8;0;333
627;2024-03-01 09:54:59;95488424;8;2;6;2;598
628;2024-03-01 09:55:50;10223821;3;3;5;3;33
629;2024-03-01 09:56:32;66711740;7;0;4;0;85
630;2024-03-01 09:59:27;55070788;5;2;8;2;34
631;2024-03-01 10:02:14;77629895;8;0;3;0;355
632;2024-03-01 10:04:27;75434493;8;0;3;0;203
633;2024-03-01 10:05:16;21161301;2;0;8;0;658
634;2024-03-01 10:06:36;2659721;8;1;5;1;18
635;2024-03-01 10:09:29;94837453;2;3;5;3;45
636;2024-03-01 10:09:35;66239870;6;2;2;2;745
637;2024-03-01 10:09:48;78921706;6;0;8;0;125
638;2024-03-01 10:11:30;89070870;8;0;3;0;740
639;2024-03-01 10:13:09;56990516;1;3;6;3;461
640;2024-03-01 10:13:38;14661157;3;1;8;1;322
641;2024-03-01 10:13:59;36799316;6;3;2;3;161
642;2024-03-01 10:14:19;11927058;5;0;3;0;14
643;2024-03-01 10:15:10;35775325;5;2;7;2;254
644;2024-03-01 10:16:10;77693051;4;0;3;0;397
645;2024-03-01 10:16:30;18727767;4;0;8;0;37
646;2024-03-01 10:17:35;7783778;3;1;7;1;476
647;2024-03-01 10:20:35;88603219;5;0;1;0;686
648;2024-03-01 10:20:51;20669055;5;0;7;0;704
649;2024-03-01 10:21:07;23574500;4;3;7;3;304
650;2024-03-01 10:22:47;17296293;5;2;6;2;464
651;2024-03-01 10:25:22;5812992;5;0;2;0;205
652;2024-03-01 10:28:17;37253129;8;2;4;2;594
653;2024-03-01 10:30:19;34533585;1;3;8;3;224
654;2024-03-01 10:32:33;90544254;3;0;8;0;661
655;2024-03-01 10:32:58;25320503;5;0;2;0;265
656;2024-03-01 10:33:43;58192612;7;0;5;0;652
657;2024-03-01 10:35:13;64576728;5;0;7;0;370
658;2024-03-01 10:36:36;4250025;5;0;8;0;522
659;2024-03-01 10:38:01;29467811;6;0;8;0;415
660;2024-03-01 10:41:02;20513662;5;0;4;0;164
661;2024-03-01 10:42:08;48972249;2;3;6;3;697
662;2024-03-01 10:44:50;13914642;1;0;6;0;121
663;2024-03-01 10:46:09;67218980;1;3;8;3;590
664;2024-03-01 10:46:15;43380617;6;0;5;0;700
665;2024-03-01 10:47:07;22753714;3;1;5;1;575
666;2024-03-01 10:48:07;31108363;6;0;4;0;550
667;2024-03-01 10:50:16;82637681;8;3;3;3;86
668;2024-03-01 10:51:00;6553035;6;0;7;0;296
669;2024-03-01 10:51:34;62380521;2;2;6;2;255
670;2024-03-01 10:52:00;21975673;7;0;5;0;184
671;2024-03-01 10:52:19;64865754;8;0;6;0;395
672;2024-03-01 10:53:24;81833756;1;0;5;0;381
673;2024-03-01 10:55:24;65213321;3;1;5;1;708
674;2024-03-01 10:55:44;71571106;1;1;4;1;252
675;2024-03-01 10:57:09;66610431;4;0;1;0;614
676;2024-03-01 10:57:34;98265625;6;1;7;1;365
677;2024-03-01 11:00:02;57555531;4;0;2;0;573
678;2024-03-01 11:00:04;95613679;5;0;4;0;129
679;2024-03-01 11:00:34;85562656;5;3;6;3;516
680;2024-03-01 11:02:05;6400083;7;0;5;0;419
681;2024-03-01 11:03:03;69701499;1;0;2;0;59
682;2024-03-01 11:04:36;27662575;5;3;7;3;303
683;2024-03-01 11:05:41;86239368;7;3;3;3;313
684;2024-03-01 11:06:53;142413;6;0;3;0;462
685;2024-03-01 11:07:09;74087951;5;0;3;0;43
686;2024-03-01 11:07:40;94996592;8;3;3;3;709
687;2024-03-01 11:08:57;98265625;7;0;6;0;365
688;2024-03-01 11:09:03;73895187;7;0;6;0;440
689;2024-03-01 11:12:45;16902812;7;0;8;0;668
690;2024-03-01 11:14:34;8833402;5;0;8;0;749
691;2024-03-01 11:14:45;13914642;6;2;1;2;121
692;2024-03-01 11:17:17;49294662;4;1;2;1;571
693;2024-03-01 11:18:55;89235333;2;2;6;2;267
694;2024-03-01 11:20:02;86045706;5;3;6;3;248
695;2024-03-01 11:20:11;37257559;3;0;6;0;546
696;2024-03-01 11:21:13;11840003;5;3;1;3;640
697;2024-03-01 11:21:13;58273394;1;0;3;0;239
698;2024-03-01 11:21:55;30492258;7;0;4;0;282
699;2024-03-01 11:22:19;73608060;3;0;1;0;423
700;2024-03-01 11:22:53;88786910;2;1;1;1;441
701;2024-03-01 11:23:54;77807729;6;1;4;1;270
702;2024-03-01 11:24:14;54662685;5;0;1;0;150
703;2024-03-01 11:24:37;94360613;8;0;5;0;495
704;2024-03-01 11:25:32;35422277;3;0;1;0;179
705;2024-03-01 11:25:41;14562934;1;1;2;1;281
706;2024-03-01 11:26:55;53452868;6;0;1;0;122
707;2024-03-01 11:27:29;20844566;3;0;5;0;26
708;2024-03-01 11:29:10;77693051;3;2;4;2;397
709;2024-03-01 11:30:08;19178197;5;2;6;2;562
710;2024-03-01 11:31:49;32224524;3;0;2;0;98
711;2024-03-01 11:32:08;29127525;5;0;2;0;417
712;2024-03-01 11:32:18;12833765;4;0;7;0;284
713;2024-03-01 11:32:45;24165514;8;0;7;0;666
714;2024-03-01 11:32:49;66953150;1;3;8;3;636
715;2024-03-01 11:34:16;42851364;4;0;1;0;274
716;2024-03-01 11:34:33;82192324;3;2;2;2;369
717;2024-03-01 11:35:54;83039264;7;0;8;0;416
718;2024-03-01 11:37:07;58168432;7;0;8;0;616
719;2024-03-01 11:37:19;42803580;2;3;1;3;332
720;2024-03-01 11:38:01;53452868;1;2;6;2;122
721;2024-03-01 11:38:27;34533585;8;0;1;0;224
722;2024-03-01 11:41:40;94140288;3;0;8;0;135
723;2024-03-01 11:42:39;12644984;2;0;4;0;142
724;2024-03-01 11:43:03;52977044;7;1;4;1;574
725;2024-03-01 11:45:18;7536190;7;2;5;2;443
726;2024-03-01 11:46:04;48972249;6;0;2;0;697
727;2024-03-01 11:46:58;58192195;2;1;6;1;136
728;2024-03-01 11:47:36;97611750;6;1;5;1;683
729;2024-03-01 11:47:45;97493936;7;0;4;0;50
730;2024-03-01 11:48:02;76371452;3;0;1;0;138
731;2024-03-01 11:49:25;58168432;8;3;7;3;616
732;2024-03-01 11:50:43;96069754;2;2;6;2;48
733;2024-03-01 11:51:15;85127421;4;3;2;3;31
734;2024-03-01 11:51:16;60446378;4;1;8;1;116
735;2024-03-01 11:51:39;94620864;1;0;4;0;235
736;2024-03-01 11:51:41;5077285;4;1;7;1;94
737;2024-03-01 11:53:12;86251597;7;0;8;0;52
738;2024-03-01 11:53:44;17193518;5;2;7;2;748
739;2024-03-01 11:53:59;35148814;3;1;5;1;112
740;2024-03-01 11:54:10;67532449;6;1;8;1;73
741;2024-03-01 11:54:36;50226434;1;2;7;2;469
742;2024-03-01 11:56:33;25748330;4;3;1;3;739
743;2024-03-01 11:56:43;39619751;5;2;4;2;486
744;2024-03-01 11:59:00;96319670;5;2;8;2;591
745;2024-03-01 12:00:50;14661157;8;0;3;0;322
746;2024-03-01 12:01:53;54662685;1;2;5;2;150
747;2024-03-01 12:01:54;57603384;3;0;5;0;99
748;2024-03-01 12:01:56;2439659;3;0;5;0;109
749;2024-03-01 12:02:06;64388020;3;0;5;0;90
750;2024-03-01 12:03:22;96612469;5;3;2;3;630
751;2024-03-01 12:03:58;81004001;6;2;3;2;114
752;2024-03-01 12:05:34;3509309;7;2;3;2;528
753;2024-03-01 12:05:49;66723187;2;1;8;1;692
754;2024-03-01 12:06:10;84168563;5;0;2;0;396
755;2024-03-01 12:06:16;79123700;8;0;1;0;681
756;2024-03-01 12:06:46;24711853;4;0;1;0;712
757;2024-03-01 12:07:27;37957505;7;1;4;1;389
758;2024-03-01 12:07:57;46431089;1;0;8;0;646
759;2024-03-01 12:09:39;61145676;5;1;8;1;283
760;2024-03-01 12:11:38;88728979;3;2;1;2;622
761;2024-03-01 12:11:54;17993643;6;0;3;0;351
762;2024-03-01 12:14:13;39619751;4;0;5;0;486
763;2024-03-01 12:15:03;67449556;3;0;4;0;515
764;2024-03-01 12:15:25;92752408;6;0;7;0;545
765;2024-03-01 12:17:13;93822202;8;3;3;3;245
766;2024-03-01 12:17:14;5134515;7;0;3;0;42
767;2024-03-01 12:17:40;23560577;8;2;1;2;157
768;2024-03-01 12:18:08;3218118;1;3;5;3;648
769;2024-03-01 12:18:13;33223415;8;2;4;2;362
770;2024-03-01 12:18:25;40932748;5;0;6;0;195
771;2024-03-01 12:19:04;8060922;2;0;5;0;17
772;2024-03-01 12:21:30;51807760;5;0;3;0;481
773;2024-03-01 12:21:42;19701175;1;3;2;3;721
774;2024-03-01 12:21:48;33976668;1;0;7;0;194
775;2024-03-01 12:22:01;22148697;4;0;1;0;608
776;2024-03-01 12:22:27;82297054;7;0;1;0;578
777;2024-03-01 12:23:35;31109286;6;2;5;2;181
778;2024-03-01 12:25:09;17272527;1;3;4;3;539
779;2024-03-01 12:25:48;20634353;8;0;6;0;733
780;2024-03-01 12:25:54;63865896;5;2;4;2;361
781;2024-03-01 12:29:04;31362508;6;0;8;0;506
782;2024-03-01 12:29:20;62331474;5;0;1;0;149
783;2024-03-01 12:29:30;64695194;3;0;8;0;189
784;2024-03-01 12:30:36;87187879;8;1;2;1;487
785;2024-03-01 12:31:14;15378520;1;3;6;3;483
786;2024-03-01 12:32:05;70090301;3;1;1;1;263
787;2024-03-01 12:32:22;57603384;5;1;3;1;99
788;2024-03-01 12:33:58;58014164;2;1;8;1;307
789;2024-03-01 12:34:54;75754671;6;0;1;0;9
790;2024-03-01 12:35:22;98089551;6;3;1;3;570
791;2024-03-01 12:35:34;28073611;6;1;3;1;715
792;2024-03-01 12:35:45;80677828;2;0;7;0;54
793;2024-03-01 12:35:52;93664223;5;0;2;0;581
794;2024-03-01 12:37:04;8696214;1;0;7;0;233
795;2024-03-01 12:38:52;26182304;2;1;7;1;701
796;2024-03-01 12:39:59;49586957;4;2;2;2;27
797;2024-03-01 12:41:16;99157705;3;1;4;1;336
798;2024-03-01 12:41:21;67043104;4;1;2;1;536
799;2024-03-01 12:41:37;99381254;1;0;7;0;455
800;2024-03-01 12:42:10;4047715;4;0;2;0;711
801;2024-03-01 12:43:23;16328805;8;0;7;0;411
802;2024-03-01 12:44:22;54411826;3;0;6;0;172
803;2024-03-01 12:51:24;74549565;4;0;3;0;723
804;2024-03-01 12:51:31;9456132;6;2;8;2;100
805;2024-03-01 12:51:32;87200209;6;0;3;0;192
806;2024-03-01 12:51:45;78764555;3;0;2;0;478
807;2024-03-01 12:55:33;9346761;6;0;1;0;306
808;2024-03-01 12:55:38;6827502;1;2;5;2;103
809;2024-03-01 12:57:04;45332218;5;1;4;1;348
810;2024-03-01 12:57:22;73936533;4;3;2;3;180
811;2024-03-01 12:57:43;73027979;1;0;2;0;186
812;2024-03-01 12:59:40;57499818;3;0;7;0;84
813;2024-03-01 13:01:38;90249322;1;1;8;1;473
814;2024-03-01 13:02:33;58192612;5;2;7;2;652
815;2024-03-01 13:03:21;8331424;3;0;5;0;44
816;2024-03-01 13:03:26;16388636;4;0;3;0;649
817;2024-03-01 13:06:33;69578840;8;2;2;2;372
818;2024-03-01 13:07:12;30285405;2;0;5;0;577
819;2024-03-01 13:07:17;80331062;2;0;6;0;583
820;2024-03-01 13:07:29;1361639;8;0;2;0;489
821;2024-03-01 13:08:55;644687;4;0;3;0;251
822;2024-03-01 13:11:07;36645478;5;3;4;3;339
823;2024-03-01 13:13:10;32065888;8;1;1;1;141
824;2024-03-01 13:14:18;18705678;1;2;4;2;621
825;2024-03-01 13:16:43;94941282;5;0;8;0;285
826;2024-03-01 13:18:24;94168719;5;0;3;0;145
827;2024-03-01 13:19:36;98869192;6;2;8;2;450
828;2024-03-01 13:21:37;88875766;7;3;5;3;216
829;2024-03-01 13:22:10;28794501;2;0;4;0;222
830;2024-03-01 13:22:42;467597;3;2;2;2;96
831;2024-03-01 13:23:12;37210119;4;3;7;3;343
832;2024-03-01 13:23:12;52192749;6;2;7;2;317
833;2024-03-01 13:23:50;92507705;1;1;5;1;435
834;2024-03-01 13:24:46;72894666;1;3;2;3;312
835;2024-03-01 13:25:22;96457705;3;0;4;0;220
836;2024-03-01 13:26:19;29869156;5;0;3;0;452
837;2024-03-01 13:26:52;36564789;3;1;8;1;623
838;2024-03-01 13:28:40;44856464;2;2;6;2;430
839;2024-03-01 13:29:03;14887596;4;1;5;1;234
840;2024-03-01 13:30:25;90078484;7;1;1;1;512
841;2024-03-01 13:31:18;81004001;3;0;6;0;114
842;2024-03-01 13:31:22;18742219;5;2;1;2;589
843;2024-03-01 13:31:34;43380617;5;1;6;1;700
844;2024-03-01 13:31:45;69394570;4;0;3;0;507
845;2024-03-01 13:32:01;97165231;7;3;5;3;554
846;2024-03-01 13:36:20;82297054;1;3;7;3;578
847;2024-03-01 13:37:41;71183854;5;0;2;0;373
848;2024-03-01 13:38:04;99531335;6;3;2;3;118
849;2024-03-01 13:40:03;59205084;5;0;7;0;178
850;2024-03-01 13:40:12;52571660;3;0;8;0;729
851;2024-03-01 13:42:30;25114332;4;3;5;3;689
852;2024-03-01 13:42:34;45456313;8;2;7;2;533
853;2024-03-01 13:44:34;43393796;4;1;5;1;41
854;2024-03-01 13:46:46;2439659;5;1;3;1;109
855;2024-03-01 13:46:51;20661675;7;3;4;3;151
856;2024-03-01 13:49:06;49687692;1;0;3;0;503
857;2024-03-01 13:50:46;64695194;8;3;3;3;189
858;2024-03-01 13:51:23;63440627;4;0;8;0;498
859;2024-03-01 13:51:57;50434616;1;2;5;2;207
860;2024-03-01 13:53:49;88561117;6;1;5;1;92
861;2024-03-01 13:55:59;76741621;4;0;5;0;70
862;2024-03-01 13:56:31;66601208;7;0;8;0;39
863;2024-03-01 13:58:24;3236656;4;0;8;0;308
864;2024-03-01 13:59:02;96604678;1;2;2;2;134
865;2024-03-01 13:59:58;7075986;3;0;2;0;56
866;2024-03-01 14:00:42;20634353;6;1;8;1;733
867;2024-03-01 14:00:44;46485726;7;2;4;2;363
868;2024-03-01 14:00:48;52731464;6;3;4;3;606
869;2024-03-01 14:01:18;14349564;3;1;7;1;160
870;2024-03-01 14:02:29;71335397;8;0;6;0;429
871;2024-03-01 14:02:49;91357900;1;0;4;0;108
872;2024-03-01 14:02:50;73608060;1;1;3;1;423
873;2024-03-01 14:02:56;2196207;8;0;7;0;146
874;2024-03-01 14:03:31;25661478;1;0;6;0;35
875;2024-03-01 14:04:04;13667869;7;0;3;0;344
876;2024-03-01 14:04:09;86198498;4;2;3;2;273
877;2024-03-01 14:04:27;80880959;1;1;5;1;47
878;2024-03-01 14:05:56;78384859;6;2;4;2;231
879;2024-03-01 14:06:26;76680013;4;1;6;1;659
880;2024-03-01 14:07:15;10568570;4;0;3;0;63
881;2024-03-01 14:09:17;65575890;6;2;8;2;603
882;2024-03-01 14:12:21;8692893;4;0;8;0;409
883;2024-03-01 14:12:42;17993643;3;3;6;3;351
884;2024-03-01 14:14:28;68713168;1;0;4;0;202
885;2024-03-01 14:14:42;19802642;7;0;4;0;610
886;2024-03-01 14:15:16;66610431;1;2;4;2;614
887;2024-03-01 14:17:29;31568654;3;2;7;2;204
888;2024-03-01 14:17:31;71836518;1;1;5;1;673
889;2024-03-01 14:19:25;69603474;6;3;4;3;490
890;2024-03-01 14:20:20;75754671;1;2;6;2;9
891;2024-03-01 14:20:33;71436797;2;0;7;0;219
892;2024-03-01 14:20:35;59734742;4;1;3;1;582
893;2024-03-01 14:20:46;32065888;1;0;8;0;141
894;2024-03-01 14:21:10;2337354;7;0;8;0;449
895;2024-03-01 14:21:41;14668988;7;0;8;0;324
896;2024-03-01 14:22:19;7463824;4;0;5;0;221
897;2024-03-01 14:23:33;34128052;4;0;2;0;667
898;2024-03-01 14:24:58;14782815;1;1;8;1;565
899;2024-03-01 14:25:39;37690465;8;0;2;0;117
900;2024-03-01 14:26:06;69578840;2;0;8;0;372
901;2024-03-01 14:26:12;97869883;8;1;4;1;492
902;2024-03-01 14:28:53;5812992;2;2;5;2;205
903;2024-03-01 14:30:33;91155211;5;1;7;1;529
904;2024-03-01 14:31:43;8692893;8;1;4;1;409
905;2024-03-01 14:31:59;19612558;7;0;4;0;710
906;2024-03-01 14:32:34;97611750;5;0;6;0;683
907;2024-03-01 14:33:53;88488351;2;1;4;1;382
908;2024-03-01 14:34:34;88718856;5;0;3;0;199
909;2024-03-01 14:36:08;31543123;6;0;8;0;62
910;2024-03-01 14:38:16;98089551;1;0;6;0;570
911;2024-03-01 14:39:36;48728546;6;1;2;1;148
912;2024-03-01 14:40:44;5588397;8;1;3;1;280
913;2024-03-01 14:41:40;63126767;5;0;8;0;25
914;2024-03-01 14:41:48;82192324;2;0;3;0;369
915;2024-03-01 14:42:33;81297995;1;0;2;0;631
916;2024-03-01 14:43:22;65522843;6;0;1;0;130
917;2024-03-01 14:43:34;99758710;3;0;5;0;156
918;2024-03-01 14:43:46;67618691;1;0;7;0;561
919;2024-03-01 14:46:41;32128971;2;0;7;0;166
920;2024-03-01 14:46:43;85824169;1;1;2;1;78
921;2024-03-01 14:48:03;42803580;1;0;2;0;332
922;2024-03-01 14:48:10;21056559;2;0;1;0;676
923;2024-03-01 14:49:18;37299725;3;0;4;0;434
924;2024-03-01 14:49:59;44568723;6;3;4;3;555
925;2024-03-01 14:50:52;37823388;8;2;7;2;375
926;2024-03-01 14:51:53;10223821;5;0;3;0;33
927;2024-03-01 14:53:30;68693452;7;3;2;3;557
928;2024-03-01 14:53:43;58273394;3;3;1;3;239
929;2024-03-01 14:54:29;81593199;6;3;3;3;383
930;2024-03-01 14:54:54;39057781;4;0;5;0;213
931;2024-03-01 14:54:57;55368465;5;0;8;0;593
932;2024-03-01 14:55:36;54616108;8;1;5;1;271
933;2024-03-01 14:58:22;41106486;6;0;4;0;456
934;2024-03-01 14:58:52;7900962;3;0;1;0;431
935;2024-03-01 15:00:13;40543611;6;0;7;0;477
936;2024-03-01 15:00:44;95820572;6;0;2;0;465
937;2024-03-01 15:03:27;46431089;8;3;1;3;646
938;2024-03-01 15:03:48;65573978;1;3;7;3;384
939;2024-03-01 15:03:50;90562494;4;0;3;0;517
940;2024-03-01 15:04:30;26810728;7;0;4;0;293
941;2024-03-01 15:06:45;85562656;6;0;5;0;516
942;2024-03-01 15:07:03;19701175;2;0;1;0;721
943;2024-03-01 15:08:01;5181469;4;3;5;3;494
944;2024-03-01 15:08:46;81015001;6;0;2;0;445
945;2024-03-01 15:10:11;44738279;4;0;8;0;101
946;2024-03-01 15:10:17;13304211;3;1;2;1;105
947;2024-03-01 15:10:19;61637947;8;3;2;3;542
948;2024-03-01 15:10:39;67511741;1;2;4;2;607
949;2024-03-01 15:11:36;23812805;5;0;4;0;197
950;2024-03-01 15:11:48;34372292;6;0;8;0;424
951;2024-03-01 15:11:50;19612558;4;1;7;1;710
952;2024-03-01 15:12:06;90078484;1;0;7;0;512
953;2024-03-01 15:12:25;2435713;6;0;4;0;329
954;2024-03-01 15:13:07;76575559;4;3;6;3;338
955;2024-03-01 15:13:57;22880598;5;3;3;3;472
956;2024-03-01 15:16:05;24544917;1;0;2;0;102
957;2024-03-01 15:16:14;2684024;4;0;2;0;567
958;2024-03-01 15:17:42;5556467;6;0;2;0;238
959;2024-03-01 15:19:34;60586937;7;2;2;2;510
960;2024-03-01 15:20:29;67584094;3;0;4;0;326
961;2024-03-01 15:20:52;81833756;5;1;1;1;381
962;2024-03-01 15:21:50;37842770;5;0;2;0;174
963;2024-03-01 15:22:40;86045706;6;0;5;0;248
964;2024-03-01 15:23:52;6005220;5;3;6;3;530
965;2024-03-01 15:24:58;5052157;8;2;7;2;425
966;2024-03-01 15:26:49;38411055;7;0;6;0;730
967;2024-03-01 15:27:08;3218118;5;0;1;0;648
968;2024-03-01 15:28:08;8860019;8;2;2;2;275
969;2024-03-01 15:29:44;36113960;2;0;1;0;337
970;2024-03-01 15:30:41;6827502;5;0;1;0;103
971;2024-03-01 15:30:54;14398019;1;2;8;2;302
972;2024-03-01 15:31:33;77026332;6;1;3;1;584
973;2024-03-01 15:31:33;44570045;5;2;4;2;318
974;2024-03-01 15:31:45;97493936;4;1;7;1;50
975;2024-03-01 15:32:12;13652181;3;3;5;3;493
976;2024-03-01 15:34:02;19830471;6;0;8;0;482
977;2024-03-01 15:35:17;19932425;2;3;7;3;627
978;2024-03-01 15:35:36;93872393;6;0;4;0;214
979;2024-03-01 15:36:09;57555531;2;3;4;3;573
980;2024-03-01 15:38:00;70090301;1;0;3;0;263
981;2024-03-01 15:38:31;49547968;2;3;1;3;91
982;2024-03-01 15:41:38;81581608;2;3;1;3;722
983;2024-03-01 15:42:09;93077237;1;3;3;3;155
984;2024-03-01 15:42:12;53695939;1;0;3;0;624
985;2024-03-01 15:42:34;19939340;5;2;8;2;559
986;2024-03-01 15:45:39;92321515;7;1;6;1;345
987;2024-03-01 15:46:51;94620864;4;2;1;2;235
988;2024-03-01 15:47:14;78240628;1;0;5;0;65
989;2024-03-01 15:47:47;79758430;3;0;6;0;597
990;2024-03-01 15:51:06;91414728;4;2;3;2;126
991;2024-03-01 15:51:33;13667869;3;1;7;1;344
992;2024-03-01 15:51:58;68216290;7;3;5;3;374
993;2024-03-01 15:53:33;94563024;2;0;8;0;165
994;2024-03-01 15:55:07;26566696;8;3;4;3;133
995;2024-03-01 15:56:52;86239368;3;0;7;0;313
996;2024-03-01 15:57:23;24814247;3;1;1;1;703
997;2024-03-01 15:58:20;12833765;7;1;4;1;284
998;2024-03-01 15:58:28;78941616;1;3;3;3;368
999;2024-03-01 15:58:58;59734742;3;0;4;0;582
1000;2024-03-01 15:59:58;36799316;2;0;6;0;161
1001;2024-03-01 16:00:19;99801157;7;0;3;0;629
1002;2024-03-01 16:01:46;78072237;3;0;5;0;731
1003;2024-03-01 16:03:00;95613679;4;3;5;3;129
1004;2024-03-01 16:03:06;90505261;8;0;5;0;595
1005;2024-03-01 16:04:18;22372914;1;3;8;3;500
1006;2024-03-01 16:06:10;62380521;6;0;2;0;255
1007;2024-03-01 16:06:14;71183854;2;2;5;2;373
1008;2024-03-01 16:06:21;16895153;4;0;8;0;706
1009;2024-03-01 16:06:54;61078793;5;0;7;0;551
1010;2024-03-01 16:06:59;39440544;1;0;7;0;226
1011;2024-03-01 16:07:10;96047951;4;0;8;0;321
1012;2024-03-01 16:09:40;73834167;7;3;8;3;386
1013;2024-03-01 16:10:06;65213321;5;0;3;0;708
1014;2024-03-01 16:11:32;25754672;4;0;3;0;586
1015;2024-03-01 16:11:41;42268693;8;1;6;1;88
1016;2024-03-01 16:12:06;88786910;1;0;2;0;441
1017;2024-03-01 16:12:13;13387331;5;0;4;0;49
1018;2024-03-01 16:12:16;52643178;7;1;5;1;291
1019;2024-03-01 16:12:26;19715774;4;0;1;0;645
1020;2024-03-01 16:14:50;39016625;2;2;5;2;541
1021;2024-03-01 16:15:35;77308084;6;1;8;1;484
1022;2024-03-01 16:16:19;11380697;7;0;4;0;401
1023;2024-03-01 16:17:47;20684738;3;0;1;0;664
1024;2024-03-01 16:18:22;42131635;1;2;2;2;87
1025;2024-03-01 16:21:48;37253129;4;0;8;0;594
1026;2024-03-01 16:22:09;90505261;5;2;8;2;595
1027;2024-03-01 16:23:17;46485726;4;0;7;0;363
1028;2024-03-01 16:24:57;97869883;4;0;8;0;492
1029;2024-03-01 16:25:29;11257495;3;0;7;0;29
1030;2024-03-01 16:26:16;21553916;1;2;3;2;183
1031;2024-03-01 16:27:27;17364998;4;0;6;0;560
1032;2024-03-01 16:27:46;29451744;7;0;6;0;696
1033;2024-03-01 16:27:58;93013336;6;2;4;2;718
1034;2024-03-01 16:28:25;19939340;8;0;5;0;559
1035;2024-03-01 16:28:43;77629895;3;2;8;2;355
1036;2024-03-01 16:29:00;25034537;3;1;8;1;525
1037;2024-03-01 16:29:23;54268724;6;0;3;0;540
1038;2024-03-01 16:30:31;17842256;8;2;5;2;605
1039;2024-03-01 16:33:29;76127282;7;0;5;0;713
1040;2024-03-01 16:33:31;49713503;2;1;6;1;479
1041;2024-03-01 16:34:07;71702712;4;0;7;0;258
1042;2024-03-01 16:36:10;56280694;1;3;3;3;236
1043;2024-03-01 16:38:31;2269297;3;0;1;0;726
1044;2024-03-01 16:40:42;69750478;7;0;1;0;153
1045;2024-03-01 16:40:55;70471945;4;2;8;2;463
1046;2024-03-01 16:42:23;96352404;3;2;7;2;548
1047;2024-03-01 16:42:49;54597396;1;3;4;3;75
1048;2024-03-01 16:44:36;25661478;6;3;1;3;35
1049;2024-03-01 16:45:15;67344933;4;0;6;0;672
1050;2024-03-01 16:45:29;35825160;6;0;8;0;407
1051;2024-03-01 16:45:44;83039264;8;2;7;2;416
1052;2024-03-01 16:45:53;61518253;6;0;3;0;380
1053;2024-03-01 16:47:12;70375448;5;0;6;0;432
1054;2024-03-01 16:47:53;70972882;2;0;8;0;8
1055;2024-03-01 16:48:55;52513187;5;1;4;1;169
1056;2024-03-01 16:54:34;39120134;8;2;5;2;460
1057;2024-03-01 16:54:39;28998980;4;1;3;1;524
1058;2024-03-01 16:55:39;42011915;6;2;8;2;694
1059;2024-03-01 16:56:21;17842256;5;0;8;0;605
1060;2024-03-01 16:56:40;60586937;2;0;7;0;510
1061;2024-03-01 16:57:02;16902812;8;2;7;2;668
1062;2024-03-01 16:57:49;18070243;6;0;1;0;587
1063;2024-03-01 16:59:25;6491221;1;3;2;3;418
1064;2024-03-01 16:59:51;28208073;8;0;6;0;67
1065;2024-03-01 17:00:47;51789906;7;2;2;2;399
1066;2024-03-01 17:01:15;61518253;3;2;6;2;380
1067;2024-03-01 17:04:19;63815889;4;0;2;0;511
1068;2024-03-01 17:04:54;30492258;4;3;7;3;282
1069;2024-03-01 17:05:16;1311296;4;0;5;0;5
1070;2024-03-01 17:08:09;5588397;3;0;8;0;280
1071;2024-03-01 17:08:31;98992868;8;3;4;3;60
1072;2024-03-01 17:08:42;66711740;4;3;7;3;85
1073;2024-03-01 17:08:54;65522843;1;2;6;2;130
1074;2024-03-01 17:09:42;26566696;4;0;8;0;133
1075;2024-03-01 17:10:02;79036504;6;3;5;3;119
1076;2024-03-01 17:10:34;35168429;8;3;5;3;331
1077;2024-03-01 17:11:05;66723187;8;0;2;0;692
1078;2024-03-01 17:11:09;20669055;7;2;5;2;704
1079;2024-03-01 17:12:46;79281371;5;3;1;3;514
1080;2024-03-01 17:12:49;79281371;1;0;5;0;514
1081;2024-03-01 17:14:53;71702712;7;2;4;2;258
1082;2024-03-01 17:16:25;40717356;3;0;5;0;266
1083;2024-03-01 17:16:27;66126775;7;2;3;2;173
1084;2024-03-01 17:20:42;4782202;1;0;3;0;428
1085;2024-03-01 17:20:54;52843402;7;0;5;0;391
1086;2024-03-01 17:21:33;81297995;2;1;1;1;631
1087;2024-03-01 17:21:36;28808391;1;0;7;0;342
1088;2024-03-01 17:25:01;73441338;8;1;6;1;36
1089;2024-03-01 17:25:40;74010113;5;0;8;0;403
1090;2024-03-01 17:27:23;16328805;7;3;8;3;411
1091;2024-03-01 17:28:06;39057781;5;3;4;3;213
1092;2024-03-01 17:28:25;32445388;7;0;1;0;21
1093;2024-03-01 17:30:38;54265592;3;0;6;0;470
1094;2024-03-01 17:31:46;13304211;2;0;3;0;105
1095;2024-03-01 17:38:33;2518896;3;0;1;0;717
1096;2024-03-01 17:41:19;46556935;5;0;4;0;637
1097;2024-03-01 17:41:27;11257495;7;2;3;2;29
1098;2024-03-01 17:41:28;95805414;4;0;2;0;698
1099;2024-03-01 17:41:37;45709204;8;0;1;0;579
1100;2024-03-01 17:43:10;15982482;1;3;8;3;458
1101;2024-03-01 17:43:50;67916170;4;1;2;1;405
1102;2024-03-01 17:48:25;88787727;7;3;5;3;272
1103;2024-03-01 17:48:58;19830471;8;1;6;1;482
1104;2024-03-01 17:51:18;94360613;5;1;8;1;495
1105;2024-03-01 17:51:22;40543611;7;1;6;1;477
1106;2024-03-01 17:51:43;87187879;2;0;8;0;487
1107;2024-03-01 17:51:57;64281001;4;0;6;0;200
1108;2024-03-01 17:52:32;74415857;2;0;1;0;76
1109;2024-03-01 17:53:40;5077285;7;0;4;0;94
1110;2024-03-01 17:54:31;38640325;2;0;8;0;319
1111;2024-03-01 17:55:12;72847245;3;0;8;0;64
1112;2024-03-01 17:55:57;7525018;2;0;8;0;746
1113;2024-03-01 17:58:23;18453494;5;3;4;3;350
1114;2024-03-01 17:58:50;88775387;4;0;5;0;665
1115;2024-03-01 18:01:55;49687692;3;1;1;1;503
1116;2024-03-01 18:02:00;29916154;4;1;3;1;176
1117;2024-03-01 18:02:18;67043104;2;0;4;0;536
1118;2024-03-01 18:02:32;87949316;4;0;8;0;137
1119;2024-03-01 18:03:52;70253989;4;3;6;3;167
1120;2024-03-01 18:04:34;94281937;1;0;7;0;360
1121;2024-03-01 18:06:47;46402000;2;0;7;0;502
1122;2024-03-01 18:07:10;93822202;3;0;8;0;245
1123;2024-03-01 18:07:25;17095187;3;0;4;0;638
1124;2024-03-01 18:07:36;96352404;7;0;3;0;548
1125;2024-03-01 18:08:10;90566205;4;0;7;0;438
1126;2024-03-01 18:08:55;73548751;8;0;5;0;644
1127;2024-03-01 18:09:43;70528221;2;2;5;2;509
1128;2024-03-01 18:10:16;56488654;2;2;4;2;185
1129;2024-03-01 18:12:47;79100875;3;2;2;2;750
1130;2024-03-01 18:13:49;59308537;4;0;8;0;253
1131;2024-03-01 18:13:55;61823704;1;2;2;2;19
1132;2024-03-01 18:14:50;56608239;8;0;7;0;147
1133;2024-03-01 18:15:12;78583048;8;3;4;3;316
1134;2024-03-01 18:15:42;37257559;6;2;3;2;546
1135;2024-03-01 18:17:28;30869290;4;0;8;0;334
1136;2024-03-01 18:17:45;46791645;7;3;5;3;191
1137;2024-03-01 18:18:32;90991753;8;0;5;0;742
1138;2024-03-01 18:20:21;59220006;8;0;1;0;140
1139;2024-03-01 18:21:39;42268693;6;0;8;0;88
1140;2024-03-01 18:22:18;37042006;7;0;8;0;377
1141;2024-03-01 18:22:25;68978891;2;0;7;0;684
1142;2024-03-01 18:23:29;95820572;2;3;6;3;465
1143;2024-03-01 18:24:05;14782815;8;0;1;0;565
1144;2024-03-01 18:25:07;66140572;3;0;6;0;66
1145;2024-03-01 18:26:06;8019842;3;0;2;0;535
1146;2024-03-01 18:26:23;69081761;5;0;4;0;22
1147;2024-03-01 18:28:01;6400083;5;2;7;2;419
1148;2024-03-01 18:29:00;46485345;5;1;3;1;563
1149;2024-03-01 18:29:07;30572635;1;2;8;2;657
1150;2024-03-01 18:29:07;22712872;8;0;4;0;359
1151;2024-03-01 18:29:23;27877790;6;0;4;0;315
1152;2024-03-01 18:29:51;62618002;7;2;3;2;93
1153;2024-03-01 18:32:25;11840003;1;0;5;0;640
1154;2024-03-01 18:34:34;94996592;3;0;8;0;709
1155;2024-03-01 18:35:07;8161075;1;2;7;2;328
1156;2024-03-01 18:35:24;89428923;6;3;2;3;154
1157;2024-03-01 18:36:51;37042006;8;2;7;2;377
1158;2024-03-01 18:37:03;42783063;7;0;2;0;556
1159;2024-03-01 18:37:22;42939800;2;1;1;1;724
1160;2024-03-01 18:38:33;83423577;2;1;4;1;427
1161;2024-03-01 18:39:24;35168429;5;0;8;0;331
1162;2024-03-01 18:39:27;45332218;4;0;5;0;348
1163;2024-03-01 18:39:28;28808391;7;1;1;1;342
1164;2024-03-01 18:40:13;142413;3;1;6;1;462
1165;2024-03-01 18:41:25;52513187;4;0;5;0;169
1166;2024-03-01 18:43:23;5021837;5;2;6;2;442
1167;2024-03-01 18:43:52;80331062;6;3;2;3;583
1168;2024-03-01 18:44:00;19178197;6;0;5;0;562
1169;2024-03-01 18:47:54;55358017;4;0;1;0;124
1170;2024-03-01 18:48:27;20922656;6;3;4;3;588
1171;2024-03-01 18:49:01;30572635;8;0;1;0;657
1172;2024-03-01 18:49:08;55753530;6;2;7;2;505
1173;2024-03-01 18:51:13;40978238;1;2;5;2;106
1174;2024-03-01 18:51:45;92867614;6;0;5;0;421
1175;2024-03-01 18:51:57;13296898;5;2;8;2;747
1176;2024-03-01 18:53:31;17736410;1;1;8;1;653
1177;2024-03-01 18:53:40;12494998;2;1;1;1;297
1178;2024-03-01 18:56:08;67298813;3;1;2;1;201
1179;2024-03-01 18:56:41;81384659;5;0;8;0;240
1180;2024-03-01 18:59:01;46464833;5;0;1;0;68
1181;2024-03-01 19:00:19;45845937;4;0;8;0;628
1182;2024-03-01 19:01:41;12494998;1;0;2;0;297
1183;2024-03-01 19:02:09;49369722;7;0;3;0;310
1184;2024-03-01 19:02:55;8161075;7;0;1;0;328
1185;2024-03-01 19:03:32;99801157;3;3;7;3;629
1186;2024-03-01 19:04:15;90562494;3;2;4;2;517
1187;2024-03-01 19:05:42;20126710;6;1;1;1;719
1188;2024-03-01 19:06:20;65849298;2;2;6;2;448
1189;2024-03-01 19:08:18;22753714;5;0;3;0;575
1190;2024-03-01 19:10:09;21975673;5;2;7;2;184
1191;2024-03-01 19:10:51;52363170;7;3;8;3;158
1192;2024-03-01 19:12:09;46464833;1;1;5;1;68
1193;2024-03-01 19:13:16;96828548;6;3;7;3;392
1194;2024-03-01 19:16:44;51807760;3;3;5;3;481
1195;2024-03-01 19:17:59;67344933;6;2;4;2;672
1196;2024-03-01 19:20:21;43088531;8;1;4;1;611
1197;2024-03-01 19:21:25;98305792;8;0;1;0;72
1198;2024-03-01 19:22:44;9456132;8;0;6;0;100
1199;2024-03-01 19:24:04;96936773;5;2;2;2;732
1200;2024-03-01 19:24:12;2462678;1;0;5;0;230
1201;2024-03-01 19:24:31;97750036;7;0;2;0;28
1202;2024-03-01 19:26:00;90249322;8;0;1;0;473
1203;2024-03-01 19:28:20;11231203;3;0;5;0;208
1204;2024-03-01 19:29:49;23705055;6;0;5;0;725
1205;2024-03-01 19:30:03;55131392;5;0;8;0;143
1206;2024-03-01 19:30:43;89428923;2;0;6;0;154
1207;2024-03-01 19:31:29;40384639;8;0;6;0;553
1208;2024-03-01 19:31:53;12354860;3;3;1;3;95
1209;2024-03-01 19:32:11;37140597;7;0;8;0;51
1210;2024-03-01 19:33:58;81393856;1;2;3;2;210
1211;2024-03-01 19:34:18;11026941;8;0;1;0;650
1212;2024-03-01 19:34:44;877382;3;0;4;0;358
1213;2024-03-01 19:35:09;644687;3;2;4;2;251
1214;2024-03-01 19:38:22;14398019;8;0;1;0;302
1215;2024-03-01 19:39:04;52643178;5;0;7;0;291
1216;2024-03-01 19:39:09;14708809;2;1;7;1;341
1217;2024-03-01 19:42:37;34403151;4;0;6;0;394
1218;2024-03-01 19:43:24;55770936;3;2;6;2;364
1219;2024-03-01 19:43:50;5778512;4;3;5;3;38
1220;2024-03-01 19:44:52;80692084;2;2;5;2;12
1221;2024-03-01 19:45:09;51960588;6;0;3;0;526
1222;2024-03-01 19:45:10;30913628;8;0;1;0;660
1223;2024-03-01 19:45:19;94031876;2;3;5;3;309
1224;2024-03-01 19:48:17;76371452;1;2;3;2;138
1225;2024-03-01 19:51:33;77868247;1;1;4;1;679
1226;2024-03-01 19:52:01;66140572;6;3;3;3;66
1227;2024-03-01 19:54:10;29467811;8;3;6;3;415
1228;2024-03-01 19:54:47;12821050;5;0;6;0;356
1229;2024-03-01 19:55:16;46036192;3;0;7;0;663
1230;2024-03-01 19:57:35;2269297;1;1;3;1;726
1231;2024-03-01 19:57:38;71335397;6;3;8;3;429
1232;2024-03-01 19:59:40;29057808;2;1;1;1;139
1233;2024-03-01 19:59:45;60976687;8;2;7;2;444
1234;2024-03-01 20:00:27;2435713;4;3;6;3;329
1235;2024-03-01 20:00:39;79156692;6;0;2;0;249
1236;2024-03-01 20:01:06;23705055;5;1;6;1;725
1237;2024-03-01 20:01:58;20661675;4;0;7;0;151
1238;2024-03-01 20:03:12;70375448;6;2;5;2;432
1239;2024-03-01 20:04:17;54016688;3;1;1;1;474
1240;2024-03-01 20:04:54;30913628;1;1;8;1;660
1241;2024-03-01 20:05:28;26979890;8;0;7;0;613
1242;2024-03-01 20:06:01;30991916;6;1;1;1;446
1243;2024-03-01 20:06:20;16886993;8;2;5;2;497
1244;2024-03-01 20:09:02;56608239;7;3;8;3;147
1245;2024-03-01 20:09:31;24042849;6;1;5;1;504
1246;2024-03-01 20:11:04;94563024;8;3;2;3;165
1247;2024-03-01 20:11:30;81593199;3;0;6;0;383
1248;2024-03-01 20:12:12;29916154;3;0;4;0;176
1249;2024-03-01 20:15:55;19301956;4;2;1;2;682
1250;2024-03-01 20:16:34;71022544;7;1;5;1;111
1251;2024-03-01 20:17:05;5021837;6;0;5;0;442
1252;2024-03-01 20:17:06;34569861;2;3;5;3;402
1253;2024-03-01 20:17:26;57486656;8;0;1;0;261
1254;2024-03-01 20:17:29;66239870;2;0;6;0;745
1255;2024-03-01 20:20:28;69394570;3;1;4;1;507
1256;2024-03-01 20:21:30;65515995;2;1;6;1;80
1257;2024-03-01 20:22:08;86902928;5;0;8;0;295
1258;2024-03-01 20:22:08;54616108;5;0;8;0;271
1259;2024-03-01 20:22:36;20513662;4;2;5;2;164
1260;2024-03-01 20:23:12;53949051;3;0;1;0;209
1261;2024-03-01 20:23:57;24544917;2;3;1;3;102
1262;2024-03-01 20:24:29;73936533;2;0;4;0;180
1263;2024-03-01 20:25:24;98305792;1;2;8;2;72
1264;2024-03-01 20:26:40;31109286;5;0;6;0;181
1265;2024-03-01 20:26:55;28893011;1;3;7;3;404
1266;2024-03-01 20:27:32;59308537;8;2;4;2;253
1267;2024-03-01 20:28:22;38696538;6;1;8;1;264
1268;2024-03-01 20:29:01;82403361;7;1;5;1;131
1269;2024-03-01 20:29:20;93013336;4;0;6;0;718
1270;2024-03-01 20:29:39;79376065;6;2;1;2;298
1271;2024-03-01 20:30:04;8833402;8;1;5;1;749
1272;2024-03-01 20:30:18;87021730;8;3;7;3;244
1273;2024-03-01 20:30:20;8696214;7;1;1;1;233
1274;2024-03-01 20:32:42;66212886;6;0;8;0;371
1275;2024-03-01 20:33:04;14349564;7;0;3;0;160
1276;2024-03-01 20:33:30;65289080;2;0;8;0;170
1277;2024-03-01 20:34:15;61474208;6;2;8;2;643
1278;2024-03-01 20:35:49;88728979;1;0;3;0;622
1279;2024-03-01 20:35:51;65289080;8;1;2;1;170
1280;2024-03-01 20:36:15;56226190;5;1;7;1;422
1281;2024-03-01 20:37:46;7783778;7;0;3;0;476
1282;2024-03-01 20:38:00;67218980;8;0;1;0;590
1283;2024-03-01 20:38:58;91414728;3;0;4;0;126
1284;2024-03-01 20:40:39;40384639;6;3;8;3;553
1285;2024-03-01 20:40:48;97410716;8;1;4;1;225
1286;2024-03-01 20:41:57;96047951;8;1;4;1;321
1287;2024-03-01 20:42:58;85231340;1;0;6;0;499
1288;2024-03-01 20:44:02;96041921;1;0;6;0;738
1289;2024-03-01 20:44:42;33311221;3;0;1;0;447
1290;2024-03-01 20:44:53;4047715;2;3;4;3;711
1291;2024-03-01 20:45:37;19088769;8;0;6;0;113
1292;2024-03-01 20:45:53;44568723;4;0;6;0;555
1293;2024-03-01 20:47:15;10645511;4;2;1;2;305
1294;2024-03-01 20:49:28;38167971;5;3;7;3;110
1295;2024-03-01 20:49:29;10314214;1;1;6;1;104
1296;2024-03-01 20:50:16;25034537;8;0;3;0;525
1297;2024-03-01 20:53:06;46453732;2;0;4;0;212
1298;2024-03-01 20:53:24;16839845;5;0;8;0;743
1299;2024-03-01 20:54:07;5181469;5;0;4;0;494
1300;2024-03-01 20:54:15;51137327;7;1;5;1;292
1301;2024-03-01 20:55:14;77672177;8;0;6;0;58
1302;2024-03-01 20:55:57;21200361;5;2;4;2;604
1303;2024-03-01 20:56:49;54016688;1;0;3;0;474
1304;2024-03-01 20:58:59;96319670;8;0;5;0;591
1305;2024-03-01 20:59:15;45443533;6;2;1;2;685
1306;2024-03-01 20:59:18;30593883;7;1;5;1;532
1307;2024-03-01 21:00:06;48160994;1;0;3;0;182
1308;2024-03-01 21:01:24;30333000;1;3;2;3;491
1309;2024-03-01 21:01:40;51738344;6;3;1;3;311
1310;2024-03-01 21:03:51;33311221;1;2;3;2;447
1311;2024-03-01 21:08:12;45456313;7;0;8;0;533
1312;2024-03-01 21:08:26;69081761;4;1;5;1;22
1313;2024-03-01 21:08:27;93664223;2;3;5;3;581
1314;2024-03-01 21:08:55;42011915;8;0;6;0;694
1315;2024-03-01 21:09:13;76095547;6;2;7;2;519
1316;2024-03-01 21:10:34;77713031;1;0;8;0;215
1317;2024-03-01 21:11:24;20126710;1;0;6;0;719
1318;2024-03-01 21:12:56;21553916;3;0;1;0;183
1319;2024-03-01 21:13:34;91357900;4;2;1;2;108
1320;2024-03-01 21:14:28;14507184;5;3;4;3;523
1321;2024-03-01 21:15:40;20757857;3;3;5;3;13
1322;2024-03-01 21:15:46;32128971;7;3;2;3;166
1323;2024-03-01 21:16:20;63440627;8;2;4;2;498
1324;2024-03-01 21:16:54;10112906;5;0;3;0;57
1325;2024-03-01 21:17:43;2518896;1;1;3;1;717
1326;2024-03-01 21:18:59;17519047;2;0;1;0;187
1327;2024-03-01 21:21:24;73811413;2;2;7;2;671
1328;2024-03-01 21:22:11;25959526;4;0;2;0;572
1329;2024-03-01 21:23:24;59168510;2;0;5;0;412
1330;2024-03-01 21:24:45;61637947;2;0;8;0;542
1331;2024-03-01 21:25:14;87031571;7;2;6;2;256
1332;2024-03-01 21:28:28;94941282;8;2;5;2;285
1333;2024-03-01 21:28:56;5897789;3;0;4;0;413
1334;2024-03-01 21:29:22;48709335;3;0;2;0;720
1335;2024-03-01 21:29:22;60976687;7;0;8;0;444
1336;2024-03-01 21:30:32;74350348;5;1;6;1;262
1337;2024-03-01 21:30:34;54979331;4;0;2;0;690
1338;2024-03-01 21:30:59;44570045;4;0;5;0;318
1339;2024-03-01 21:31:39;14887596;5;0;4;0;234
1340;2024-03-01 21:32:39;90563104;7;0;6;0;426
1341;2024-03-01 21:35:25;95488424;6;0;8;0;598
1342;2024-03-01 21:37:43;72109484;5;0;3;0;387
1343;2024-03-01 21:37:51;75372776;2;0;6;0;466
1344;2024-03-01 21:38:05;26810728;4;1;7;1;293
1345;2024-03-01 21:38:27;62063650;2;3;3;3;171
1346;2024-03-01 21:38:44;98869192;8;0;6;0;450
1347;2024-03-01 21:40:49;37614777;2;1;5;1;206
1348;2024-03-01 21:41:44;99032916;6;0;7;0;527
1349;2024-03-01 21:41:53;5778512;5;0;4;0;38
1350;2024-03-01 21:42:03;7028544;6;3;7;3;534
1351;2024-03-01 21:42:30;10645511;1;0;4;0;305
1352;2024-03-01 21:42:58;76231504;4;0;7;0;538
1353;2024-03-01 21:44:33;78240628;5;3;1;3;65
1354;2024-03-01 21:44:35;42469040;8;0;7;0;1
1355;2024-03-01 21:45:18;77026332;3;0;6;0;584
1356;2024-03-01 21:45:52;8272533;1;1;4;1;82
1357;2024-03-01 21:45:55;9870536;4;1;3;1;518
1358;2024-03-01 21:47:45;95805414;2;3;4;3;698
1359;2024-03-01 21:49:55;46263482;6;3;7;3;537
1360;2024-03-01 21:51:19;59401144;6;0;4;0;279
1361;2024-03-01 21:51:20;79123700;1;2;8;2;681
1362;2024-03-01 21:51:36;55070788;8;0;5;0;34
1363;2024-03-01 21:52:03;99032916;7;1;6;1;527
1364;2024-03-01 21:53:16;5132082;7;1;8;1;390
1365;2024-03-01 21:53:46;48672182;6;2;1;2;513
1366;2024-03-01 21:53:53;66873656;7;2;3;2;615
1367;2024-03-01 21:54:07;2084662;8;0;7;0;634
1368;2024-03-01 21:56:10;60446378;8;0;4;0;116
1369;2024-03-01 21:56:38;10997497;7;0;1;0;40
1370;2024-03-01 21:57:11;48677301;2;3;4;3;20
1371;2024-03-01 21:57:36;22372914;8;0;1;0;500
1372;2024-03-01 21:58:04;10366548;2;3;3;3;290
1373;2024-03-01 21:58:39;25588615;7;1;3;1;53
1374;2024-03-01 21:59:09;45444167;4;0;6;0;354
1375;2024-03-01 21:59:59;68693452;2;0;7;0;557
1376;2024-03-01 22:00:05;46263482;7;0;6;0;537
1377;2024-03-01 22:02:04;50793412;1;1;8;1;177
1378;2024-03-01 22:03:54;44728289;3;0;7;0;379
1379;2024-03-01 22:04:50;62063650;3;0;2;0;171
1380;2024-03-01 22:05:11;42364543;3;0;4;0;691
1381;2024-03-01 22:05:14;63126767;8;1;5;1;25
1382;2024-03-01 22:06:18;59401144;4;2;6;2;279
1383;2024-03-01 22:06:56;76231504;7;1;4;1;538
1384;2024-03-01 22:06:58;70708888;4;0;7;0;227
1385;2024-03-01 22:09:03;10568570;3;3;4;3;63
1386;2024-03-01 22:10:18;8120666;5;0;7;0;144
1387;2024-03-01 22:10:34;12821050;6;2;5;2;356
1388;2024-03-01 22:11:04;66696389;7;0;3;0;670
1389;2024-03-01 22:12:26;74238064;5;3;3;3;414
1390;2024-03-01 22:13:57;63394647;4;1;7;1;3
1391;2024-03-01 22:13:57;63394647;7;0;4;0;3
1392;2024-03-01 22:15:06;61078793;7;2;5;2;551
1393;2024-03-01 22:17:19;65515995;6;0;2;0;80
1394;2024-03-01 22:17:20;9340347;3;1;5;1;259
1395;2024-03-01 22:21:50;83213394;4;0;5;0;488
1396;2024-03-01 22:21:54;70272113;2;0;6;0;716
1397;2024-03-01 22:22:11;48134388;2;0;1;0;468
1398;2024-03-01 22:22:36;56280198;2;2;5;2;211
1399;2024-03-01 22:22:38;2684024;2;2;4;2;567
1400;2024-03-01 22:22:46;4061336;7;2;2;2;566
1401;2024-03-01 22:23:53;48134388;1;1;2;1;468
1402;2024-03-01 22:24:24;30694264;1;1;7;1;15
1403;2024-03-01 22:24:39;63673983;7;1;1;1;223
1404;2024-03-01 22:25:01;42939800;1;0;2;0;724
1405;2024-03-01 22:26:13;73834167;8;0;7;0;386
1406;2024-03-01 22:27:24;36113960;1;2;2;2;337
1407;2024-03-01 22:27:31;37957505;4;0;7;0;389
1408;2024-03-01 22:28:54;29152615;3;1;5;1;260
1409;2024-03-01 22:29:13;29127525;2;2;5;2;417
1410;2024-03-01 22:29:42;37614777;5;0;2;0;206
1411;2024-03-01 22:30:03;36560846;8;3;5;3;592
1412;2024-03-01 22:30:31;16839845;8;3;5;3;743
1413;2024-03-01 22:30:35;44118916;2;0;1;0;675
1414;2024-03-01 22:30:52;44752497;5;1;1;1;376
1415;2024-03-01 22:31:51;65573978;7;0;1;0;384
1416;2024-03-01 22:32:14;80253621;8;0;1;0;602
1417;2024-03-01 22:33:30;38411055;6;3;7;3;730
1418;2024-03-01 22:35:38;94168719;3;2;5;2;145
1419;2024-03-01 22:37:12;56392935;1;0;7;0;654
1420;2024-03-01 22:37:59;20922656;4;0;6;0;588
1421;2024-03-01 22:39:25;67449556;4;2;3;2;515
1422;2024-03-01 22:39:59;86902928;8;3;5;3;295
1423;2024-03-01 22:41:53;65153240;4;3;5;3;420
1424;2024-03-01 22:42:14;46485345;3;0;5;0;563
1425;2024-03-01 22:42:18;53695939;3;3;1;3;624
1426;2024-03-01 22:44:46;1361639;2;2;8;2;489
1427;2024-03-01 22:44:49;26300964;1;1;2;1;485
1428;2024-03-01 22:47:57;29451744;6;2;7;2;696
1429;2024-03-01 22:48:13;65849298;6;0;2;0;448
1430;2024-03-01 22:48:25;15733756;3;1;2;1;330
1431;2024-03-01 22:48:39;95804336;4;0;3;0;325
1432;2024-03-01 22:50:02;77807729;4;0;6;0;270
1433;2024-03-01 22:50:37;96612469;2;0;5;0;630
1434;2024-03-01 22:52:22;19265704;7;0;6;0;600
1435;2024-03-01 22:52:47;7927792;7;2;6;2;736
1436;2024-03-01 22:53:36;34960556;3;2;1;2;727
1437;2024-03-01 22:53:44;52571660;8;3;3;3;729
1438;2024-03-01 22:53:45;36560846;5;0;8;0;592
1439;2024-03-01 22:54:02;28452984;3;0;6;0;193
1440;2024-03-01 22:54:36;21200361;4;0;5;0;604
1441;2024-03-01 22:55:16;96457705;4;3;3;3;220
1442;2024-03-01 22:56:01;61844755;1;0;6;0;218
1443;2024-03-01 22:56:08;92321515;6;0;7;0;345
1444;2024-03-01 22:57:10;13387331;4;2;5;2;49
1445;2024-03-01 22:57:42;52977044;4;0;7;0;574
1446;2024-03-01 22:58:26;26300964;2;0;1;0;485
1447;2024-03-01 22:58:40;50040457;5;0;2;0;439
1448;2024-03-01 22:58:47;17736410;8;0;1;0;653
1449;2024-03-01 23:02:47;56962514;7;0;5;0;32
1450;2024-03-01 23:03:45;3312001;3;0;5;0;367
1451;2024-03-01 23:05:43;48424365;6;0;7;0;552
1452;2024-03-01 23:07:00;85127421;2;0;4;0;31
1453;2024-03-01 23:07:27;79156692;2;3;6;3;249
1454;2024-03-01 23:08:00;45709204;1;2;8;2;579
1455;2024-03-01 23:09:21;2425574;7;0;8;0;232
1456;2024-03-01 23:09:33;74364620;8;2;3;2;744
1457;2024-03-01 23:11:02;68216290;5;0;7;0;374
1458;2024-03-01 23:11:27;52299900;6;1;4;1;243
1459;2024-03-01 23:11:43;36222011;5;0;6;0;4
1460;2024-03-01 23:12:25;17095187;4;2;3;2;638
1461;2024-03-01 23:12:49;11380697;4;3;7;3;401
1462;2024-03-01 23:14:00;19203818;4;0;5;0;278
1463;2024-03-01 23:14:07;11231203;5;2;3;2;208
1464;2024-03-01 23:14:07;44856464;6;0;2;0;430
1465;2024-03-01 23:14:29;42991122;4;0;6;0;388
1466;2024-03-01 23:16:03;2337354;8;3;7;3;449
1467;2024-03-01 23:17:33;39016625;5;0;2;0;541
1468;2024-03-01 23:19:00;4287309;8;3;2;3;625
1469;2024-03-01 23:20:36;14708809;7;0;2;0;341
1470;2024-03-01 23:20:37;24709625;7;1;6;1;175
1471;2024-03-01 23:21:30;71496157;4;3;1;3;471
1472;2024-03-01 23:22:04;78764555;2;3;3;3;478
1473;2024-03-01 23:22:16;18192650;4;0;7;0;10
1474;2024-03-01 23:22:18;71571106;4;0;1;0;252
1475;2024-03-01 23:29:58;59205084;7;1;5;1;178
1476;2024-03-01 23:30:46;73811413;7;0;2;0;671
1477;2024-03-01 23:33:15;18977830;5;1;2;1;6
1478;2024-03-01 23:34:15;56280198;5;0;2;0;211
1479;2024-03-01 23:34:54;64656207;1;3;5;3;677
1480;2024-03-01 23:37:12;94483399;8;0;7;0;647
1481;2024-03-01 23:40:00;52862509;5;3;8;3;97
1482;2024-03-01 23:41:01;55358017;1;2;4;2;124
1483;2024-03-01 23:41:34;71101700;7;0;6;0;320
1484;2024-03-01 23:43:17;78141808;3;1;4;1;564
1485;2024-03-01 23:44:13;83136659;4;0;1;0;408
1486;2024-03-01 23:44:14;68978891;7;2;2;2;684
1487;2024-03-01 23:44:14;56280694;3;0;1;0;236
1488;2024-03-01 23:44:35;94481571;2;3;1;3;152
1489;2024-03-01 23:46:06;16868913;3;3;4;3;61
1490;2024-03-01 23:46:08;86813215;7;1;8;1;277
1491;2024-03-01 23:48:10;82781224;3;2;7;2;340
1492;2024-03-01 23:48:33;57158260;5;0;3;0;544
1493;2024-03-01 23:49:06;99903180;8;0;7;0;641
1494;2024-03-01 23:50:01;57158260;3;1;5;1;544
1495;2024-03-01 23:51:45;79853330;6;0;8;0;11
1496;2024-03-01 23:51:56;40339273;5;2;1;2;601
1497;2024-03-01 23:54:30;23560577;1;0;8;0;157
1498;2024-03-01 23:54:46;84843116;3;0;7;0;366
1499;2024-03-01 23:54:50;5897789;4;2;3;2;413
1500;2024-03-01 23:59:19;17193518;7;0;5;0;748
